Produktionsauftrag_ID;Datum;Produkt_ID;Maschinen_ID;Schicht_ID;Zulieferer_ID;Produktionslinie;Produzierte_Menge;Produktionsdauer_h;Ausschussmenge;Nachbearbeitungsmenge;Materialverbrauch;Energieverbrauch;Downtime_h;Materialkosten;Energiekosten;Ausschusskosten;Nacharbeitskosten;Produktionskosten;Umsatz;Gewinn
525038;25.03.2023;206;146;5384;30;L1;5058;15,56;330;132;6575,4;6069,6;6,03;16438,5;1820,88;4950;1056;24265,38;478537,38;454272,0
335934;08.07.2023;470;272;5864;123;L5;8584;21,67;191;76;11159,2;10300,8;0,76;27898,0;3090,24;2865;608;34461,24;581136,8;546675,56
666790;31.08.2021;90;213;2776;123;L5;6214;27,09;256;102;14602,9;11806,6;2,48;36507,25;3541,98;3840;816;44705,23;1656403,84;1611698,61
543486;18.03.2023;221;162;5350;70;L4;4432;19,82;235;94;10415,2;8420,8;2,76;26038,0;2526,24;3525;752;32841,24;1220705,76;1187864,52
391822;19.03.2024;375;148;7026;4;L1;3348;16,17;193;77;8370,0;6696,0;2,88;20925,0;2008,8;2895;616;26444,8;1003127,76;976682,96
527846;19.11.2023;454;289;6475;147;L4;4724;18,72;312;124;8975,6;7558,4;4,93;22439,0;2267,52;4680;992;30378,52;1013109,04;982730,52
208856;25.12.2025;126;268;9974;114;L6;8879;40,64;517;206;22197,5;17758,0;3,15;55493,75;5327,4;7755;1648;70224,15;2599948,78;2529724,63
33513;19.12.2020;40;158;1612;14;L5;7795;25,47;322;128;13641,25;11692,5;1,05;34103,12;3507,75;4830;1024;43464,88;1164183,25;1120718,38
209603;09.03.2020;330;291;313;31;L6;1175;13,83;56;22;2408,75;1997,5;19,0;6021,88;599,25;840;176;7637,12;267853,0;260215,88
758497;15.09.2022;188;299;4512;113;L2;9724;29,99;338;135;15558,4;13613,6;2,41;38896,0;4084,08;5070;1080;49130,08;1751778,6;1702648,52
59258;14.12.2021;398;281;3255;4;L6;1614;4,39;44;17;1856,1;1775,4;1,55;4640,25;532,62;660;136;5968,87;141628,5;135659,63
242448;17.08.2024;475;229;7714;125;L3;6472;18,38;202;80;9384,4;8413,6;1,56;23461,0;2524,08;3030;640;29655,08;742208,96;712553,88
796252;08.01.2024;36;110;6701;59;L3;6094;28,47;411;164;12492,7;10359,8;12,08;31231,75;3107,94;6165;1312;41816,69;1384861,5;1343044,81
167606;19.09.2023;443;1;6195;45;L5;7813;35,19;451;180;19532,5;15626,0;1,62;48831,25;4687,8;6765;1440;61724,05;2535318,5;2473594,45
294052;28.10.2025;10;62;9710;87;L6;7254;22,48;267;106;10518,3;9430,2;5,5;26295,75;2829,06;4005;848;33977,81;1032897,06;998919,25
596384;16.10.2021;261;120;2986;101;L1;2415;10,62;105;42;4588,5;3864,0;4,62;11471,25;1159,2;1575;336;14541,45;506546,25;492004,8
98882;30.06.2024;266;195;7495;145;L3;7159;27,46;313;125;14675,95;12170,3;2,22;36689,88;3651,09;4695;1000;46035,96;1536464,58;1490428,62
281112;05.02.2025;458;298;8502;63;L2;3079;12,05;139;55;3540,85;3386,9;10,31;8852,12;1016,07;2085;440;12393,2;263316,08;250922,88
83087;07.07.2021;455;296;2527;73;L4;8562;35,47;572;228;18836,4;15411,6;3,81;47091,0;4623,48;8580;1824;62118,48;2293246,08;2231127,6
167038;20.06.2021;241;255;2451;101;L4;1804;11,82;101;40;3968,8;3247,2;9,49;9922,0;974,16;1515;320;12731,16;454589,96;441858,8
349563;04.07.2023;313;152;5844;87;L1;3183;11,22;142;56;3660,45;3501,3;8,17;9151,12;1050,39;2130;448;12779,52;190916,34;178136,82
691063;19.10.2022;439;3;4666;1;L6;6415;26,83;284;113;14113,0;11547,0;3,37;35282,5;3464,1;4260;904;43910,6;1710110,7;1666200,1
519995;23.10.2024;135;113;8022;74;L5;597;2,47;24;9;1134,3;955,2;0,83;2835,75;286,56;360;72;3554,31;121793,97;118239,66
708977;24.01.2024;431;166;6777;19;L3;9240;25,67;208;83;13398,0;12012,0;1,08;33495,0;3603,6;3120;664;40882,6;1275582,0;1234699,4
484320;01.05.2022;283;232;3889;73;L6;9903;26,32;468;187;12873,9;11883,6;3,52;32184,75;3565,08;7020;1496;44265,83;976930,95;932665,12
580646;22.08.2024;121;82;7740;142;L4;9553;40,0;728;291;21016,6;17195,4;5,1;52541,5;5158,62;10920;2328;70948,12;2402006,32;2331058,2
774693;12.02.2024;313;215;6861;121;L5;7222;17,9;231;92;8305,3;7944,2;3,44;20763,25;2383,26;3465;736;27347,51;433175,56;405828,05
269213;20.06.2025;286;168;9118;131;L1;5272;26,26;388;155;12389,2;10016,8;8,66;30973,0;3005,04;5820;1240;41038,04;1592196,72;1551158,68
589998;14.01.2024;151;151;6730;125;L6;7907;23,84;315;126;12651,2;11069,8;0,87;31628,0;3320,94;4725;1008;40681,94;1066970,58;1026288,64
135712;04.06.2022;184;23;4043;149;L5;8209;36,58;635;254;19291,15;15597,1;4,86;48227,88;4679,13;9525;2032;64464,0;2209698,62;2145234,62
551839;12.02.2024;363;114;6864;98;L2;8587;23,41;260;104;12451,15;11163,1;0,11;31127,88;3348,93;3900;832;39208,8;1051134,67;1011925,86
554054;17.07.2021;337;49;2573;87;L5;4788;19,9;221;88;9815,4;8139,6;4,55;24538,5;2441,88;3315;704;30999,38;1054269,72;1023270,34
560937;15.09.2023;180;196;6176;114;L2;5306;14,44;185;74;6101,9;5836,6;5,12;15254,75;1750,98;2775;592;20372,73;277291,56;256918,83
672660;16.11.2024;104;94;8132;129;L5;3586;8,66;113;45;4123,9;3944,6;1,26;10309,75;1183,38;1695;360;13548,13;327079,06;313530,93
302700;15.02.2024;445;290;6878;141;L2;3814;14,55;120;48;6674,5;5721,0;4,69;16686,25;1716,3;1800;384;20586,55;684765,56;664179,01
512215;18.10.2021;99;40;2995;91;L4;3724;13,74;141;56;5958,4;5213,6;5,44;14896,0;1564,08;2115;448;19023,08;568543,08;549520,0
606335;01.02.2024;104;119;6813;97;L3;8448;19,35;229;91;9715,2;9292,8;0,86;24288,0;2787,84;3435;728;31238,84;770542,08;739303,24
650070;08.04.2024;337;92;7117;107;L3;1976;8,65;110;44;4050,8;3359,2;2,76;10127,0;1007,76;1650;352;13136,76;435095,44;421958,68
228890;18.12.2023;156;112;6608;39;L2;7435;31,02;449;179;11896,0;10409,0;18,03;29740,0;3122,7;6735;1432;41029,7;1003873,7;962844,0
86658;05.04.2024;407;210;7105;48;L3;5266;21,73;317;126;10005,4;8425,6;7,24;25013,5;2527,68;4755;1008;33304,18;1032715,26;999411,08
37536;30.10.2025;18;250;9719;70;L3;10516;39,37;405;162;21557,8;17877,2;1,33;53894,5;5363,16;6075;1296;66628,66;2336970,68;2270342,02
181181;14.08.2025;64;7;9369;136;L2;4026;20,96;368;147;10065,0;8052,0;6,49;25162,5;2415,6;5520;1176;34274,1;1163956,86;1129682,76
799648;16.04.2021;374;13;2154;87;L3;10177;37,56;452;180;20862,85;17300,9;0,22;52157,12;5190,27;6780;1440;65567,39;2187342,61;2121775,22
638979;15.10.2025;280;58;9653;8;L2;4105;16,25;211;84;5952,25;5336,5;10,17;14880,62;1600,95;3165;672;20318,58;594978,7;574660,12
244245;04.08.2023;256;128;5987;44;L4;1014;4,34;39;15;1926,6;1622,4;1,71;4816,5;486,72;585;120;6008,22;213578,82;207570,6
1200;13.12.2023;253;54;6586;116;L4;2389;5,81;60;24;2747,35;2627,9;0,92;6868,38;788,37;900;192;8748,74;194942,4;186193,66
673486;02.10.2025;242;242;9593;51;L4;3744;17,11;176;70;9360,0;7488,0;1,27;23400,0;2246,4;2640;560;28846,4;1083888,0;1055041,6
37544;13.05.2022;464;241;3943;146;L2;8616;34,42;278;111;18955,2;15508,8;1,29;47388,0;4652,64;4170;888;57098,64;2155981,68;2098883,04
424799;19.01.2022;189;269;3422;145;L5;7308;35,02;307;122;18270,0;14616,0;5,73;45675,0;4384,8;4605;976;55640,8;2173033,8;2117393,0
64835;10.03.2020;5;164;319;51;L5;2310;9,28;105;42;4042,5;3465,0;3,78;10106,25;1039,5;1575;336;13056,75;395934,0;382877,25
695423;28.12.2023;413;190;6654;38;L2;5875;27,24;369;147;10281,25;8812,5;16,89;25703,12;2643,75;5535;1176;35057,88;1092691,25;1057633,38
777029;28.10.2024;203;154;8044;128;L6;6108;23,76;385;154;11605,2;9772,8;5,49;29013,0;2931,84;5775;1232;38951,84;1284084,84;1245133,0
31675;02.05.2024;489;162;7227;81;L4;3305;10,75;219;87;4296,5;3966,0;5,12;10741,25;1189,8;3285;696;15912,05;368110,9;352198,85
213794;28.06.2020;298;295;819;88;L2;1281;11,09;62;24;2241,75;1921,5;13,99;5604,38;576,45;930;192;7302,82;238791,21;231488,38
144348;24.09.2022;335;113;4552;29;L5;8646;19,91;221;88;9942,9;9510,6;1,08;24857,25;2853,18;3315;704;31729,43;563978,58;532249,15
505941;22.08.2021;69;57;2738;118;L2;1672;12,41;83;33;2173,6;2006,4;16,53;5434,0;601,92;1245;264;7544,92;144042,8;136497,88
647731;27.10.2025;171;28;9706;69;L2;7636;27,61;369;147;14508,4;12217,6;2,68;36271,0;3665,28;5535;1176;46647,28;1454199,84;1407552,56
366792;07.05.2021;464;152;2250;73;L1;1521;14,25;142;56;3346,2;2737,8;16,57;8365,5;821,34;2130;448;11764,84;380599,83;368834,99
182553;10.07.2024;396;98;7543;36;L1;4985;19,82;241;96;9471,5;7976,0;5,34;23678,75;2392,8;3615;768;30454,55;964996,3;934541,75
58054;28.10.2025;152;235;9712;59;L2;2494;10,41;139;55;2868,1;2743,4;9,65;7170,25;823,02;2085;440;10518,27;158319,12;147800,85
669840;08.12.2025;226;74;9896;139;L3;1411;4,84;45;18;2469,25;2116,5;0,65;6173,12;634,95;675;144;7627,08;262714,09;255087,02
784330;19.01.2021;210;26;1755;118;L2;10779;45,29;544;217;25330,65;20480,1;0,9;63326,62;6144,03;8160;1736;79366,66;3046253,19;2966886,54
440227;10.07.2020;155;199;875;143;L2;2147;6,18;95;38;3113,15;2791,1;0,67;7782,88;837,33;1425;304;10349,2;318314,22;307965,01
93445;02.04.2022;2;99;3756;44;L2;1042;6,31;51;20;1198,3;1146,2;7,96;2995,75;343,86;765;160;4264,61;85798,28;81533,67
646379;12.07.2024;52;150;7551;141;L1;783;3,47;29;11;1370,25;1174,5;1,93;3425,62;352,35;435;88;4300,98;117027,18;112726,2
788962;28.04.2022;259;134;3873;122;L2;7637;23,36;281;112;11073,65;9928,1;5,17;27684,12;2978,43;4215;896;35773,56;807994,6;772221,04
548030;24.02.2021;295;210;1920;135;L3;2634;12,39;147;58;4609,5;3951,0;7,92;11523,75;1185,3;2205;464;15378,05;443091,48;427713,43
113060;19.07.2021;103;228;2583;58;L4;3997;19,64;153;61;9992,5;7994,0;4,11;24981,25;2398,2;2295;488;30162,45;1232674,8;1202512,35
283772;03.10.2024;487;2;7929;99;L4;3969;15,11;185;74;8136,45;6747,3;1,02;20341,12;2024,19;2775;592;25732,31;928428,48;902696,16
294082;22.03.2022;292;55;3706;97;L5;6204;23,92;347;138;11787,6;9926,4;5,16;29469,0;2977,92;5205;1104;38755,92;1180062,84;1141306,92
672258;20.02.2024;231;110;6901;10;L3;7445;31,49;404;161;11912,0;10423,0;18,9;29780,0;3126,9;6060;1288;40254,9;1144594,3;1104339,4
788334;15.06.2021;283;78;2426;78;L5;3949;15,3;198;79;5133,7;4738,8;11,01;12834,25;1421,64;2970;632;17857,89;389568,85;371710,96
444094;12.07.2024;165;34;7552;57;L1;3747;11,1;115;46;5433,15;4871,1;1,81;13582,88;1461,33;1725;368;17137,21;484636,98;467499,78
84809;20.01.2024;359;85;6757;109;L4;1075;4,46;70;28;1881,25;1612,5;2,04;4703,12;483,75;1050;224;6460,88;215279,5;208818,62
558854;13.09.2023;317;268;6169;7;L6;4307;11,01;150;60;4953,05;4737,7;2,73;12382,62;1421,31;2250;480;16533,93;286114,01;269580,08
248674;24.03.2025;414;107;8714;59;L5;3761;17,62;199;79;8838,35;7145,9;3,95;22095,88;2143,77;2985;632;27856,64;1029724,19;1001867,54
567165;29.06.2025;405;175;9158;60;L5;7204;30,75;375;150;16929,4;13687,6;1,57;42323,5;4106,28;5625;1200;53254,78;2092401,8;2039147,02
637224;07.08.2025;433;287;9338;74;L1;5621;24,38;325;130;12366,2;10117,8;4,69;30915,5;3035,34;4875;1040;39865,84;1417953,46;1378087,62
358232;10.01.2023;280;122;5048;106;L2;754;2,07;21;8;1093,3;980,2;0,03;2733,25;294,06;315;64;3406,31;109284,76;105878,45
666558;28.10.2025;33;202;9712;132;L1;3284;16,55;209;83;4761,8;4269,2;15,24;11904,5;1280,76;3135;664;16984,26;408660,96;391676,7
534669;08.01.2021;128;253;1706;47;L6;10009;27,25;387;154;14513,05;13011,7;0,05;36282,62;3903,51;5805;1232;47223,14;1116804,22;1069581,08
724618;11.01.2024;497;242;6718;64;L4;8096;30,06;309;123;16596,8;13763,2;0,53;41492,0;4128,96;4635;984;51239,96;1701536,32;1650296,36
53016;10.03.2023;155;3;5314;140;L6;8954;26,2;511;204;12983,3;11640,2;3,68;32458,25;3492,06;7665;1632;45247,31;1327520,04;1282272,73
470084;23.10.2020;313;98;1356;51;L1;1719;4,6;72;28;1976,85;1890,9;1,5;4942,12;567,27;1080;224;6813,4;103105,62;96292,22
376696;05.04.2022;378;155;3769;12;L4;4107;10,25;110;44;5339,1;4928,4;0,13;13347,75;1478,52;1650;352;16828,27;387865,08;371036,81
603192;31.12.2021;3;209;3333;77;L2;1974;14,81;148;59;4638,9;3750,6;13,2;11597,25;1125,18;2220;472;15414,43;506666,58;491252,15
464787;02.11.2021;407;82;3067;144;L4;2805;10,63;132;52;5329,5;4488,0;1,97;13323,75;1346,4;1980;416;17066,15;550088,55;533022,4
475524;19.08.2021;424;180;2724;87;L3;2331;17,19;174;69;5827,5;4662,0;13,86;14568,75;1398,6;2610;552;19129,35;662936,4;643807,05
799290;05.12.2023;67;196;6548;28;L2;8198;30,81;531;212;15576,2;13116,8;5,21;38940,5;3935,04;7965;1696;52536,54;1564424,34;1511887,8
226110;30.09.2023;10;177;6245;40;L4;6338;18,83;200;80;9190,1;8239,4;3,18;22975,25;2471,82;3000;640;29087,07;902467,82;873380,75
422019;11.04.2023;182;274;5460;116;L3;2406;9,04;100;40;4571,4;3849,6;1,52;11428,5;1154,88;1500;320;14403,38;546017,64;531614,26
502380;10.09.2022;362;233;4488;48;L3;5460;16,65;197;78;7917,0;7098,0;3,6;19792,5;2129,4;2955;624;25500,9;679333,2;653832,3
578523;25.05.2023;154;263;5660;150;L4;6827;24,58;374;149;7851,05;7509,7;18,57;19627,62;2252,91;5610;1192;28682,54;535987,77;507305,24
765013;12.04.2025;94;248;8804;68;L1;3837;14,57;210;84;7865,85;6522,9;0,9;19664,62;1956,87;3150;672;25443,5;772963,65;747520,15
582756;21.10.2025;52;154;9678;144;L6;6961;24,81;309;123;12181,75;10441,5;5,07;30454,38;3132,45;4635;984;39205,82;1040391,06;1001185,24
456914;14.12.2025;441;100;9923;105;L3;4948;20,66;213;85;5690,2;5442,8;19,16;14225,5;1632,84;3195;680;19733,34;418501,84;398768,5
97950;21.10.2021;218;286;3012;129;L3;4708;23,68;255;102;7532,8;6591,2;19,49;18832,0;1977,36;3825;816;25450,36;648527,0;623076,64
657116;04.05.2021;426;98;2235;30;L1;8684;22,7;404;161;11289,2;10420,8;2,32;28223,0;3126,24;6060;1288;38697,24;731192,8;692495,56
647723;01.07.2021;99;250;2501;30;L3;693;2,18;35;14;1108,8;970,2;0,26;2772,0;291,06;525;112;3700,06;105800,31;102100,25
42745;24.08.2021;408;145;2745;51;L4;5283;21,51;269;107;10830,15;8981,1;4,13;27075,38;2694,33;4035;856;34660,7;1173090,15;1138429,44
109250;05.06.2020;284;222;716;118;L1;5089;17,08;261;104;8905,75;7633,5;1,59;22264,38;2290,05;3915;832;29301,42;1000497,4;971195,98
78938;12.08.2022;370;93;4357;110;L3;9306;36,98;402;160;20473,2;16750,8;0,99;51183,0;5025,24;6030;1280;63518,24;2381777,64;2318259,4
185202;06.05.2020;411;168;579;102;L1;3880;18,88;223;89;6790,0;5820,0;12,92;16975,0;1746,0;3345;712;22778,0;721330,8;698552,8
771586;09.11.2021;274;32;3096;19;L5;2250;16,0;123;49;5287,5;4275,0;13,28;13218,75;1282,5;1845;392;16738,25;656460,0;639721,75
614123;12.11.2021;464;17;3109;27;L5;6094;25,43;314;125;13406,8;10969,2;3,08;33517,0;3290,76;4710;1000;42517,76;1524901,62;1482383,86
182817;21.07.2021;244;25;2593;139;L2;8605;29,37;346;138;15058,75;12907,5;3,67;37646,88;3872,25;5190;1104;47813,12;1309250,75;1261437,62
407909;29.11.2023;35;43;6519;57;L5;1477;12,29;108;43;2584,75;2215,5;15,12;6461,88;664,65;1620;344;9090,52;261000,67;251910,14
333506;20.03.2021;383;11;2030;117;L3;3186;13,8;136;54;5097,6;4460,4;8,74;12744,0;1338,12;2040;432;16554,12;460568,16;444014,04
510048;21.01.2024;271;113;6761;118;L5;1440;4,79;46;18;2304,0;2016,0;1,05;5760,0;604,8;690;144;7198,8;188971,2;181772,4
50952;26.02.2022;189;194;3597;41;L3;4364;21,61;235;94;10910,0;8728,0;4,81;27275,0;2618,4;3525;752;34170,4;1297635,4;1263465,0
151303;21.05.2020;11;206;645;8;L5;5410;23,6;314;125;9467,5;8115,0;12,58;23668,75;2434,5;4710;1000;31813,25;858999,8;827186,55
750034;21.02.2020;448;279;237;49;L1;7887;19,56;255;102;9070,05;8675,7;3,8;22675,12;2602,71;3825;816;29918,84;630407,91;600489,08
644630;12.03.2022;352;47;3659;45;L6;6395;24,53;303;121;12150,5;10232,0;5,05;30376,25;3069,6;4545;968;38958,85;1341095,45;1302136,6
702614;12.10.2024;365;267;7971;127;L5;4787;14,84;318;127;7659,2;6701,8;1,35;19148,0;2010,54;4770;1016;26944,54;764866,86;737922,32
612180;03.02.2020;378;288;154;24;L3;3472;10,4;128;51;4513,6;4166,4;3,59;11284,0;1249,92;1920;408;14861,92;327895,68;313033,76
162714;04.01.2020;232;120;15;140;L1;6147;19,9;311;124;9835,2;8605,8;3,4;24588,0;2581,74;4665;992;32826,74;1067488,02;1034661,28
708169;03.04.2025;52;133;8761;99;L4;2429;12,16;148;59;4250,75;3643,5;8,78;10626,88;1093,05;2220;472;14411,92;363038,34;348626,42
227592;12.06.2021;163;274;2411;34;L3;7080;31,87;412;164;17700,0;14160,0;1,43;44250,0;4248,0;6180;1312;55990,0;2141700,0;2085710,0
502043;30.12.2021;217;175;3330;110;L5;2168;8,59;111;44;4444,4;3685,6;1,22;11111,0;1105,68;1665;352;14233,68;527040,8;512807,12
291161;29.08.2023;392;262;6101;22;L2;2613;9,14;97;38;4964,7;4180,8;0,3;12411,75;1254,24;1455;304;15424,99;472325,88;456900,89
235483;14.02.2023;404;128;5207;103;L4;5343;20,53;338;135;10953,15;9083,1;1,73;27382,88;2724,93;5070;1080;36257,8;1236637,35;1200379,54
189327;08.02.2024;45;140;6843;55;L4;7950;25,83;379;151;13912,5;11925,0;0,79;34781,25;3577,5;5685;1208;45251,75;1393476,0;1348224,25
522802;22.10.2020;364;29;1348;147;L6;1201;4,86;70;28;1921,6;1681,4;2,62;4804,0;504,42;1050;224;6582,42;196063,25;189480,83
415312;22.04.2025;318;268;8848;78;L6;8191;20,03;228;91;9419,65;9010,1;3,36;23549,12;2703,03;3420;728;30400,16;684685,69;654285,54
701474;29.12.2024;300;54;8328;1;L4;9340;25,76;300;120;13543,0;12142,0;0,71;33857,5;3642,6;4500;960;42960,1;1227089,2;1184129,1
588316;27.11.2025;363;143;9848;107;L6;8186;24,9;304;121;11869,7;10641,8;5,28;29674,25;3192,54;4560;968;38394,79;1002048,26;963653,47
373135;21.07.2021;127;217;2589;135;L3;6218;19,1;219;87;9016,1;8083,4;4,36;22540,25;2425,02;3285;696;28946,27;894397,12;865450,85
612235;01.06.2021;467;201;2361;67;L4;2487;7,21;110;44;2860,05;2735,7;3,27;7150,12;820,71;1650;352;9972,83;246014,04;236041,2
439278;09.04.2020;127;93;455;38;L3;4781;13,86;152;60;6932,45;6215,3;1,72;17331,12;1864,59;2280;480;21955,72;687699,04;665743,33
712486;18.12.2025;137;67;9943;31;L6;1635;13,59;71;28;2861,25;2452,5;16,71;7153,12;735,75;1065;224;9177,88;288136,05;278958,18
637075;22.02.2025;121;110;8578;30;L3;577;7,67;53;21;1269,4;1038,6;10,82;3173,5;311,58;795;168;4448,08;145080,88;140632,8
570260;31.10.2022;97;28;4720;50;L2;5730;15,73;242;96;6589,5;6303,0;5,79;16473,75;1890,9;3630;768;22762,65;423332,4;400569,75
297226;10.12.2025;403;154;9905;73;L6;3558;13,13;257;102;6760,2;5692,8;1,78;16900,5;1707,84;3855;816;23279,34;731987,34;708708,0
571520;01.09.2023;278;8;6114;113;L4;11527;40,45;360;144;21901,3;18443,2;1,59;54753,25;5532,96;5400;1152;66838,21;2382861,44;2316023,23
79667;15.12.2023;46;147;6593;10;L5;8540;27,91;351;140;14945,0;12810,0;1,17;37362,5;3843,0;5265;1120;47590,5;1538993,4;1491402,9
634618;16.06.2020;119;293;764;115;L4;5484;22,05;228;91;12064,8;9871,2;1,11;30162,0;2961,36;3420;728;37271,36;1448159,88;1410888,52
211021;17.11.2024;93;176;8134;107;L3;8791;41,79;605;242;19340,2;15823,8;14,66;48350,5;4747,14;9075;1936;64108,64;2279770,03;2215661,39
562813;13.07.2024;460;62;7558;92;L6;2408;8,41;85;34;3491,6;3130,4;3,72;8729,0;939,12;1275;272;11215,12;350701,12;339486,0
23821;14.02.2021;448;281;1876;62;L6;4108;9,94;113;45;4724,2;4518,8;1,48;11810,5;1355,64;1695;360;15221,14;328352,44;313131,3
402959;26.07.2023;65;197;5947;72;L4;9593;24,44;320;128;12470,9;11511,6;1,31;31177,25;3453,48;4800;1024;40454,73;986160,4;945705,67
567022;31.10.2025;93;286;9726;106;L3;4137;22,53;335;134;9101,4;7446,6;12,62;22753,5;2233,98;5025;1072;31084,48;1072848,21;1041763,73
395741;28.08.2021;301;21;2764;122;L1;4431;20,04;236;94;11077,5;8862,0;1,08;27693,75;2658,6;3540;752;34644,35;1265050,5;1230406,15
477929;31.03.2021;44;134;2081;48;L2;6607;26,82;299;119;13544,35;11231,9;5,01;33860,88;3369,57;4485;952;42667,44;1468339,68;1425672,24
171994;16.07.2022;206;150;4232;113;L1;6375;17,52;195;78;8287,5;7650,0;3,43;20718,75;2295,0;2925;624;26562,75;603138,75;576576,0
86191;31.10.2025;266;1;9722;78;L5;6003;24,99;241;96;12306,15;10205,1;5,81;30765,38;3061,53;3615;768;38209,9;1288363,86;1250153,96
571979;23.08.2020;362;159;1074;137;L3;8501;31,46;602;240;12326,45;11051,3;16,67;30816,12;3315,39;9030;1920;45081,52;1057694,42;1012612,9
437365;29.07.2022;262;281;4291;20;L6;7136;18,6;212;84;9276,8;8563,2;1,81;23192,0;2568,96;3180;672;29612,96;702967,36;673354,4
201101;25.06.2025;118;294;9140;80;L5;4201;15,3;211;84;6721,6;5881,4;5,74;16804,0;1764,42;3165;672;22405,42;632040,45;609635,03
569536;02.06.2024;140;242;7370;136;L4;4705;12,21;158;63;6116,5;5646,0;1,08;15291,25;1693,8;2370;504;19859,05;569963,7;550104,65
310838;10.08.2022;174;243;4348;127;L6;2557;10,95;147;58;6008,95;4858,3;0,62;15022,38;1457,49;2205;464;19148,87;681287,08;662138,22
80272;19.11.2022;262;233;4807;84;L3;4791;12,56;180;72;6228,3;5749,2;1,37;15570,75;1724,76;2700;576;20571,51;471961,41;451389,9
508106;11.03.2025;4;94;8657;67;L5;8959;22,24;397;158;10302,85;9854,9;4,35;25757,12;2956,47;5955;1264;35932,6;767696,71;731764,12
286017;14.01.2020;375;118;64;84;L2;4136;25,84;337;134;10340,0;8272,0;15,28;25850,0;2481,6;5055;1072;34458,6;1239228,32;1204769,72
345554;04.11.2024;298;250;8076;31;L3;11878;38,13;295;118;20786,5;17817,0;0,23;51966,25;5345,1;4425;944;62680,35;2214177,98;2151497,63
377536;05.09.2022;336;75;4467;14;L2;6788;20,7;330;132;10860,8;9503,2;1,22;27152,0;2850,96;4950;1056;36008,96;968919,12;932910,16
459750;19.02.2022;166;47;3564;100;L6;3989;16,33;140;56;8177,45;6781,3;3,3;20443,62;2034,39;2100;448;25026,01;1044439,87;1019413,85
520202;14.10.2021;417;268;2978;75;L6;6694;29,93;341;136;15730,9;12718,6;4,17;39327,25;3815,58;5115;1088;49345,83;1932825,56;1883479,73
46770;14.06.2021;497;206;2423;92;L5;3895;23,59;290;116;7984,75;6621,5;18,52;19961,87;1986,45;4350;928;27226,32;818612,15;791385,82
303333;17.05.2021;285;111;2293;37;L1;9333;39,32;477;190;20532,6;16799,4;5,47;51331,5;5039,82;7155;1520;65046,32;2238520,05;2173473,73
422385;28.03.2022;62;47;3733;51;L6;4446;17,56;226;90;9114,3;7558,2;2,4;22785,75;2267,46;3390;720;29163,21;1002083,94;972920,73
460457;25.05.2024;93;267;7334;34;L5;5234;23,42;347;138;11514,8;9421,2;5,81;28787,0;2826,36;5205;1104;37922,36;1357333,22;1319410,86
488147;20.08.2022;103;28;4394;113;L2;10550;47,58;501;200;26375,0;21100,0;2,32;65937,5;6330,0;7515;1600;81382,5;3253620,0;3172237,5
742801;22.08.2022;375;262;4403;81;L2;3486;15,4;239;95;8715,0;6972,0;0,12;21787,5;2091,6;3585;760;28224,1;1044475,32;1016251,22
443240;25.01.2024;36;89;6782;131;L1;2113;7,95;67;26;4331,65;3592,1;0,34;10829,12;1077,63;1005;208;13119,76;480179,25;467059,5
534180;18.03.2022;325;60;3687;4;L4;5420;21,68;325;130;11111,0;9214,0;3,47;27777,5;2764,2;4875;1040;36456,7;1292290,6;1255833,9
442256;14.02.2022;42;156;3542;102;L1;4274;21,47;261;104;6197,3;5556,2;19,69;15493,25;1666,86;3915;832;21907,11;581905,1;559997,99
799283;01.03.2020;147;46;276;21;L5;1043;4,88;50;20;1981,7;1668,8;2,59;4954,25;500,64;750;160;6364,89;202029,1;195664,21
591265;12.03.2021;371;15;1991;120;L2;4713;22,7;348;139;8954,7;7540,8;12,96;22386,75;2262,24;5220;1112;30980,99;977523,33;946542,34
338186;03.07.2021;1;119;2511;115;L3;5786;20,77;217;86;10993,4;9257,6;1,73;27483,5;2777,28;3255;688;34203,78;1111664,18;1077460,4
685782;22.05.2025;134;226;8983;80;L4;3957;18,79;295;118;6924,75;5935,5;12,25;17311,88;1780,65;4425;944;24461,52;604313,04;579851,52
313451;22.10.2024;476;284;8019;113;L6;6980;25,18;340;136;11168,0;9772,0;9,05;27920,0;2931,6;5100;1088;37039,6;1282854,2;1245814,6
17228;07.05.2020;215;238;583;150;L3;7752;30,58;583;233;14728,8;12403,2;7,82;36822,0;3720,96;8745;1864;51151,96;1530942,48;1479790,52
249141;02.01.2020;57;217;7;82;L3;2799;8,69;91;36;3218,85;3078,9;4,83;8047,12;923,67;1365;288;10623,8;279844,02;269220,23
275007;11.01.2021;73;5;1721;115;L4;8185;38,91;626;250;19234,75;15551,5;9,72;48086,88;4665,45;9390;2000;64142,32;2134320,6;2070178,28
175011;17.08.2024;362;156;7714;60;L1;4769;15,69;250;100;6915,05;6199,7;5,43;17287,62;1859,91;3750;800;23697,54;593358,98;569661,44
616421;01.10.2020;425;62;1254;46;L6;2798;10,16;122;48;5316,2;4476,8;1,07;13290,5;1343,04;1830;384;16847,54;585313,62;568466,08
102716;29.10.2024;50;144;8048;135;L5;5432;16,7;191;76;7876,4;7061,6;3,85;19691,0;2118,48;2865;608;25282,48;599258,24;573975,76
700465;21.08.2021;19;240;2734;116;L5;2275;15,84;184;73;5005,0;4095,0;13,84;12512,5;1228,5;2760;584;17085,0;550914,0;533829,0
667578;28.11.2022;9;218;4850;115;L5;7489;19,07;276;110;9735,7;8986,8;1,0;24339,25;2696,04;4140;880;32055,29;708384,51;676329,22
339358;16.01.2024;156;208;6738;73;L1;1251;5,98;67;26;2001,6;1751,4;4,56;5004,0;525,42;1005;208;6742,42;168910,02;162167,6
299252;16.06.2020;490;271;765;16;L4;12085;44,57;701;280;24774,25;20544,5;0,2;61935,62;6163,35;10515;2240;80853,97;2770123,7;2689269,72
651443;26.09.2022;416;258;4563;89;L1;8397;26,43;379;151;13435,2;11755,8;3,15;33588,0;3526,74;5685;1208;44007,74;1007891,91;963884,17
682245;19.02.2025;258;205;8565;12;L6;6556;21,78;251;100;10489,6;9178,4;4,74;26224,0;2753,52;3765;800;33542,52;927936,24;894393,72
739444;06.12.2024;394;209;8223;103;L2;3431;16,11;333;133;7548,2;6175,8;5,32;18870,5;1852,74;4995;1064;26782,24;832326,29;805544,05
678232;25.07.2023;383;184;5939;95;L1;8698;25,86;264;105;13916,8;12177,2;0,23;34792,0;3653,16;3960;840;43245,16;1257382,88;1214137,72
619205;19.02.2022;46;3;3563;124;L6;2842;9,69;105;42;4973,5;4263,0;1,18;12433,75;1278,9;1575;336;15623,65;512156,82;496533,17
628053;31.05.2023;454;48;5691;130;L4;2183;10,04;99;39;4147,7;3492,8;5,06;10369,25;1047,84;1485;312;13214,09;468166,18;454952,09
270176;22.06.2020;384;240;793;43;L5;2913;13,2;178;71;5097,75;4369,5;7,76;12744,38;1310,85;2670;568;17293,22;460836,6;443543,38
650032;30.03.2022;459;71;3740;10;L4;5488;20,48;201;80;11250,4;9329,6;0,56;28126,0;2798,88;3015;640;34579,88;1210323,52;1175743,64
782783;12.03.2022;204;57;3659;8;L2;6905;29,11;378;151;11048,0;9667,0;17,35;27620,0;2900,1;5670;1208;37398,1;1227018,5;1189620,4
400740;21.12.2024;26;113;8291;10;L5;3111;13,78;158;63;7777,5;6222,0;0,19;19443,75;1866,6;2370;504;24184,35;1015181,52;990997,17
704759;21.12.2022;254;88;4957;53;L4;7553;19,67;256;102;8685,95;8308,3;5,5;21714,87;2492,49;3840;816;28863,36;509600,91;480737,54
99309;23.02.2020;159;219;246;45;L1;6383;30,3;442;176;15957,5;12766,0;4,44;39893,75;3829,8;6630;1408;51761,55;1910176,58;1858415,03
744764;04.08.2024;131;28;7658;10;L2;2045;8,0;69;27;2658,5;2454,0;5,85;6646,25;736,2;1035;216;8633,45;248876,5;240243,05
37816;13.09.2020;498;93;1173;118;L3;11140;43,88;447;178;24508,0;20052,0;0,42;61270,0;6015,6;6705;1424;75414,6;2600633,0;2525218,4
597344;14.11.2024;111;192;8124;110;L3;1615;4,05;49;19;2099,5;1938,0;0,09;5248,75;581,4;735;152;6717,15;168073,05;161355,9
534068;26.02.2025;123;168;8597;83;L1;5727;20,31;304;121;8304,15;7445,1;9,47;20760,38;2233,53;4560;968;28521,9;678534,96;650013,06
798018;27.04.2024;237;260;7207;114;L5;7782;33,45;522;208;14785,8;12451,2;13,36;36964,5;3735,36;7830;1664;50193,86;1504260,6;1454066,74
476920;12.05.2022;20;93;3939;99;L3;10981;24,83;296;118;12628,15;12079,1;0,46;31570,38;3623,73;4440;944;40578,11;996415,94;955837,84
610174;17.01.2025;487;14;8412;55;L4;6847;31,65;764;305;14036,35;11639,9;12,9;35090,88;3491,97;11460;2440;52482,84;1601650,24;1549167,4
351716;07.06.2025;452;62;9058;27;L6;9226;29,06;383;153;14761,6;12916,4;3,51;36904,0;3874,92;5745;1224;47747,92;1446636,8;1398888,88
222567;20.05.2023;194;77;5641;127;L5;4144;14,49;206;82;7873,6;6630,4;0,47;19684,0;1989,12;3090;656;25419,12;940356,48;914937,36
476539;20.01.2025;5;57;8429;39;L2;2828;14,29;181;72;4949,0;4242,0;10,48;12372,5;1272,6;2715;576;16936,1;484719,2;467783,1
165937;22.09.2025;463;223;9548;133;L1;1485;10,51;53;21;1707,75;1633,5;14,36;4269,37;490,05;795;168;5722,42;107514,0;101791,58
605687;25.11.2023;41;291;6503;48;L6;2519;13,63;151;60;4786,1;4030,4;9,93;11965,25;1209,12;2265;480;15919,37;452865,82;436946,45
442885;03.10.2023;455;278;6258;100;L2;3778;15,32;139;55;8311,6;6800,4;1,03;20779,0;2040,12;2085;440;25344,12;1011899,52;986555,4
763885;31.05.2021;278;19;2359;82;L5;1487;7,17;66;26;2825,3;2379,2;4,1;7063,25;713,76;990;208;8975,01;307392,64;298417,63
587171;06.09.2022;396;256;4470;17;L1;2050;9,21;114;45;3895,0;3280,0;4,31;9737,5;984,0;1710;360;12791,5;396839,0;384047,5
528130;23.05.2022;98;86;3986;133;L2;2662;10,35;105;42;4658,5;3993,0;3,66;11646,25;1197,9;1575;336;14755,15;490633,22;475878,07
416076;11.04.2025;17;156;8796;16;L1;4607;24,03;419;167;8062,25;6910,5;18,57;20155,62;2073,15;6285;1336;29849,78;870078,02;840228,24
676831;08.10.2025;69;5;9618;59;L4;1815;8,86;109;43;2359,5;2178,0;8,72;5898,75;653,4;1635;344;8531,15;156362,25;147831,1
777662;16.03.2022;404;51;3678;147;L6;5672;21,0;316;126;11627,6;9642,4;0,25;29069,0;2892,72;4740;1008;37709,72;1312784,4;1275074,68
108280;31.10.2021;116;276;3058;112;L4;9483;33,34;404;161;18017,7;15172,8;1,44;45044,25;4551,84;6060;1288;56944,09;1993516,26;1936572,17
61697;29.05.2023;37;17;5682;3;L5;9075;33,5;394;157;17242,5;14520,0;4,56;43106,25;4356,0;5910;1256;54628,25;1765541,25;1710913,0
619752;11.03.2025;136;267;8657;16;L5;6258;15,23;314;125;7196,7;6883,8;2,43;17991,75;2065,14;4710;1000;25766,89;552831,72;527064,83
298981;15.03.2021;181;37;2005;77;L6;8109;31,62;394;157;16623,45;13785,3;3,55;41558,62;4135,59;5910;1256;52860,21;2012734,89;1959874,68
371091;27.09.2021;245;262;2903;24;L2;8931;30,97;336;134;16968,9;14289,6;0,5;42422,25;4286,88;5040;1072;52821,13;1711358,22;1658537,09
363796;07.05.2024;208;255;7249;82;L4;5007;19,99;314;125;9513,3;8011,2;5,54;23783,25;2403,36;4710;1000;31896,61;1084666,41;1052769,8
578064;10.03.2022;136;237;3648;64;L6;9687;22,34;320;128;11140,05;10655,7;1,29;27850,12;3196,71;4800;1024;36870,84;855749,58;818878,75
709540;17.10.2020;212;232;1326;130;L6;10051;34,16;434;173;17589,25;15076,5;4,0;43973,12;4522,95;6510;1384;56390,08;1935219,54;1878829,46
399356;03.07.2025;481;284;9175;60;L6;4100;14,3;215;86;5945,0;5330,0;6,29;14862,5;1599,0;3225;688;20374,5;427056,0;406681,5
604628;12.04.2024;194;144;7137;91;L5;3243;12,25;165;66;6161,7;5188,8;2,19;15404,25;1556,64;2475;528;19963,89;735901,56;715937,67
566994;21.11.2025;422;251;9822;134;L5;5959;20,15;283;113;9534,4;8342,6;5,01;23836,0;2502,78;4245;904;31487,78;881395,69;849907,91
439358;05.07.2024;211;30;7521;141;L6;4496;13,52;152;60;5170,4;4945,6;6,9;12926,0;1483,68;2280;480;17169,68;409136,0;391966,32
260487;24.09.2025;278;267;9554;147;L5;7620;28,35;504;201;14478,0;12192,0;4,26;36195,0;3657,6;7560;1608;49020,6;1575206,4;1526185,8
379989;18.12.2021;1;143;3276;19;L6;3785;13,58;153;61;7191,5;6056,0;1,11;17978,75;1816,8;2295;488;22578,55;727212,05;704633,5
186226;09.08.2022;312;264;4345;137;L5;1085;6,03;65;26;2061,5;1736,0;4,6;5153,75;520,8;975;208;6857,55;205900,45;199042,9
171996;03.08.2024;3;26;7653;65;L2;822;4,37;28;11;1931,7;1561,8;1,89;4829,25;468,54;420;88;5805,79;210982,74;205176,95
287498;14.05.2021;401;287;2282;98;L1;9395;43,49;517;206;23487,5;18790,0;4,31;58718,75;5637,0;7755;1648;73758,75;2773216,1;2699457,35
9990;16.04.2022;140;296;3817;43;L4;9028;24,06;326;130;11736,4;10833,6;3,35;29341,0;3250,08;4890;1040;38521,08;1093651,92;1055130,84
648204;24.04.2020;445;160;523;89;L3;4189;13,96;200;80;7330,75;6283,5;1,11;18326,88;1885,05;3000;640;23851,92;752093,06;728241,13
378509;04.08.2020;477;282;990;62;L1;699;3,37;29;11;803,85;768,9;3,6;2009,62;230,67;435;88;2763,29;62721,27;59957,98
475007;17.09.2025;270;264;9521;45;L5;7665;20,11;285;114;9964,5;9198,0;2,2;24911,25;2759,4;4275;912;32857,65;806971,2;774113,55
184154;01.05.2021;191;125;2219;111;L5;427;5,38;53;21;1003,45;811,3;7,2;2508,62;243,39;795;168;3715,02;108590,37;104875,36
92347;30.05.2022;7;132;4021;59;L1;5298;18,88;284;113;7682,1;6887,4;8,93;19205,25;2066,22;4260;904;26435,47;718726,68;692291,21
421455;02.11.2024;317;38;8069;105;L5;4354;19,39;187;74;5007,1;4789,4;19,28;12517,75;1436,82;2805;592;17351,57;289236,22;271884,65
486956;03.03.2024;199;42;6955;20;L3;3769;11,56;180;72;5465,05;4899,7;2,62;13662,62;1469,91;2700;576;18408,54;613970,1;595561,56
126183;26.01.2025;335;107;8453;78;L5;8919;20,72;248;99;10256,85;9810,9;1,48;25642,12;2943,27;3720;792;33097,39;581786,37;548688,98
645519;17.06.2023;165;24;5767;49;L1;7780;22,2;289;115;11281,0;10114,0;2,08;28202,5;3034,2;4335;920;36491,7;1006265,2;969773,5
91466;03.04.2025;182;272;8762;107;L5;4526;15,6;160;64;8599,4;7241,6;0,06;21498,5;2172,48;2400;512;26582,98;1027130,44;1000547,46
504338;23.06.2023;287;126;5796;122;L3;4135;11,75;170;68;5375,5;4962,0;2,98;13438,75;1488,6;2550;544;18021,35;411019,0;392997,65
175100;20.04.2023;130;266;5504;117;L5;6765;24,54;218;87;11838,75;10147,5;5,79;29596,88;3044,25;3270;696;36607,12;1139226,0;1102618,88
517190;22.05.2020;402;129;652;63;L1;5120;24,47;283;113;8192,0;7168,0;18,63;20480,0;2150,4;4245;904;27779,4;927488,0;899708,6
541058;02.02.2023;25;142;5151;70;L1;8104;27,56;350;140;14182,0;12156,0;3,25;35455,0;3646,8;5250;1120;45471,8;1262522,16;1217050,36
520935;25.04.2025;215;103;8861;97;L5;5792;22,23;270;108;11004,8;9267,2;4,61;27512,0;2780,16;4050;864;35206,16;1143862,08;1108655,92
86876;21.10.2020;261;167;1345;75;L4;2814;10,57;123;49;5346,6;4502,4;1,79;13366,5;1350,72;1845;392;16954,22;590236,5;573282,28
342180;13.07.2022;213;168;4221;123;L1;5285;27,91;262;104;10041,5;8456,0;19,46;25103,75;2536,8;3930;832;32402,55;1166558,05;1134155,5
29427;22.05.2021;274;98;2316;32;L1;10032;44,59;719;287;23575,2;19060,8;5,72;58938,0;5718,24;10785;2296;77737,24;2926936,32;2849199,08
532498;07.01.2022;291;260;3368;144;L5;1171;12,56;85;34;2576,2;2107,8;15,95;6440,5;632,34;1275;272;8619,84;307516,31;298896,47
484001;14.07.2024;486;70;7561;13;L2;4400;10,01;122;48;5060,0;4840,0;0,32;12650,0;1452,0;1830;384;16316,0;367224,0;350908,0
167762;05.11.2022;495;92;4743;102;L3;9623;28,49;350;140;13953,35;12509,9;4,64;34883,38;3752,97;5250;1120;45006,34;958547,03;913540,68
350160;20.11.2022;389;207;4814;134;L2;4196;13,53;190;76;4825,4;4615,6;8,26;12063,5;1384,68;2850;608;16906,18;311762,8;294856,62
401421;02.02.2022;257;109;3487;52;L2;8498;32,3;479;191;14871,5;12747,0;10,2;37178,75;3824,1;7185;1528;49715,85;1518252,68;1468536,83
758260;29.09.2021;108;191;2912;51;L5;2222;12,87;117;46;2888,6;2666,4;14,71;7221,5;799,92;1755;368;10144,42;166849,98;156705,56
37470;25.06.2020;226;54;807;87;L4;10298;33,62;411;164;18021,5;15447,0;1,32;45053,75;4634,1;6165;1312;57164,85;1917384,62;1860219,77
58686;12.10.2021;177;95;2971;3;L4;6615;29,31;280;112;16537,5;13230,0;0,4;41343,75;3969,0;4200;896;50408,75;1929727,8;1879319,05
604847;18.05.2022;498;19;3963;4;L5;10512;43,12;553;221;23126,4;18921,6;3,83;57816,0;5676,48;8295;1768;73555,48;2454026,4;2380470,92
109090;07.11.2020;52;97;1422;3;L1;9406;31,12;387;154;16460,5;14109,0;2,03;41151,25;4232,7;5805;1232;52420,95;1405820,76;1353399,81
334932;14.08.2020;365;7;1036;25;L2;7976;31,52;349;139;12761,6;11166,4;15,82;31904,0;3349,92;5235;1112;41600,92;1274405,28;1232804,36
162476;30.01.2025;465;113;8472;125;L5;1536;4,38;47;18;2227,2;1996,8;0,39;5568,0;599,04;705;144;7016,04;166748,16;159732,12
277411;23.07.2024;63;26;7603;100;L2;9621;42,84;311;124;24052,5;19242,0;1,02;60131,25;5772,6;4665;992;71560,85;2960958,96;2889398,11
597527;14.01.2024;408;53;6728;62;L6;8055;30,05;322;128;16512,75;13693,5;0,81;41281,88;4108,05;4830;1024;51243,92;1788612,75;1737368,82
316282;19.01.2023;408;267;5087;47;L5;7380;28,24;538;215;15129,0;12546,0;2,17;37822,5;3763,8;8070;1720;51376,3;1638729,0;1587352,7
546355;04.11.2025;141;8;9742;123;L4;2836;6,54;58;23;3261,4;3119,6;0,38;8153,5;935,88;870;184;10143,38;310485,28;300341,9
616407;28.11.2024;339;217;8188;110;L3;2308;10,89;135;54;4385,2;3692,8;5,89;10963,0;1107,84;2025;432;14527,84;479694,72;465166,88
491351;17.04.2024;278;256;7158;90;L1;2333;8,7;106;42;4432,7;3732,8;1,35;11081,75;1119,84;1590;336;14127,59;482277,76;468150,17
302412;24.05.2024;477;9;7330;70;L2;7106;18,47;237;94;8171,9;7816,6;5,11;20429,75;2344,98;3555;752;27081,73;637621,38;610539,65
30856;08.02.2022;186;245;3512;25;L4;2116;9,07;92;36;3385,6;2962,4;5,61;8464,0;888,72;1380;288;11020,72;328022,32;317001,6
35527;26.10.2025;380;297;9700;55;L4;615;1,95;27;10;707,25;676,5;1,14;1768,12;202,95;405;80;2456,07;24600,0;22143,92
166856;20.01.2022;499;91;3427;96;L5;3312;20,28;220;88;6292,8;5299,2;17,77;15732,0;1589,76;3300;704;21325,76;671342,4;650016,64
509262;12.12.2021;310;282;3250;66;L1;7945;33,15;300;120;17479,0;14301,0;4,02;43697,5;4290,3;4500;960;53447,8;1742894,65;1689446,85
88304;12.12.2024;270;262;8248;74;L2;7437;18,71;202;80;9668,1;8924,4;0,53;24170,25;2677,32;3030;640;30517,57;782967,36;752449,79
21445;26.01.2025;326;187;8457;130;L2;2493;7,21;76;30;3614,85;3240,9;0,86;9037,12;972,27;1140;240;11389,4;335383,29;323993,89
392233;08.08.2025;393;41;9340;76;L2;3954;13,39;216;86;5733,3;5140,2;5,26;14333,25;1542,06;3240;688;19803,31;553322,76;533519,45
714508;11.03.2025;333;77;8656;40;L5;6270;28,33;192;76;15675,0;12540,0;1,48;39187,5;3762,0;2880;608;46437,5;2044270,8;1997833,3
256188;06.05.2023;140;176;5574;144;L3;3836;18,68;198;79;4986,8;4603,2;18,34;12467,0;1380,96;2970;632;17449,96;464693,04;447243,08
345513;25.01.2023;406;112;5114;125;L2;4831;14,55;230;92;5555,65;5314,1;7,47;13889,12;1594,23;3450;736;19669,36;379619,98;359950,62
726270;15.08.2021;97;180;2707;103;L3;669;10,77;42;16;769,35;735,9;18,53;1923,37;220,77;630;128;2902,14;49425,72;46523,58
520165;11.11.2023;33;105;6439;70;L6;12423;34,53;380;152;18013,35;16149,9;1,48;45033,38;4844,97;5700;1216;56794,34;1545918,12;1489123,78
440091;03.11.2024;239;80;8070;66;L2;3201;17,83;178;71;7522,35;6081,9;9,03;18805,88;1824,57;2670;568;23868,44;931811,1;907942,66
435702;03.06.2021;447;238;2372;17;L3;6531;33,84;539;215;13388,55;11102,7;19,61;33471,38;3330,81;8085;1720;46607,18;1463205,24;1416598,06
5255;27.11.2024;321;50;8182;139;L1;8238;29,65;465;186;14416,5;12357,0;6,58;36041,25;3707,1;6975;1488;48211,35;1448981,82;1400770,47
131233;05.10.2021;116;113;2936;106;L5;13108;45,99;456;182;24905,2;20972,8;1,79;62263,0;6291,84;6840;1456;76850,84;2755563,76;2678712,92
621308;04.12.2025;11;277;9877;56;L1;1617;6,01;80;32;2829,75;2425,5;1,68;7074,38;727,65;1200;256;9258,02;256747,26;247489,24
257317;05.10.2020;451;139;1270;127;L3;2376;5,88;107;42;2732,4;2613,6;1,11;6831,0;784,08;1605;336;9556,08;235722,96;226166,88
328617;27.08.2024;218;57;7760;53;L2;8121;28,51;472;188;12993,6;11369,4;8,94;32484,0;3410,82;7080;1504;44478,82;1118667,75;1074188,93
285892;26.10.2025;451;23;9702;131;L5;10870;25,36;299;119;12500,5;11957,0;2,02;31251,25;3587,1;4485;952;40275,35;1078412,7;1038137,35
333701;03.10.2025;382;128;9596;123;L4;8844;26,39;224;89;14150,4;12381,6;0,42;35376,0;3714,48;3360;712;43162,48;1095771,6;1052609,12
369142;27.09.2024;210;283;7902;25;L5;7826;35,22;319;127;18391,1;14869,4;5,34;45977,75;4460,82;4785;1016;56239,57;2211705,86;2155466,29
751689;01.07.2024;169;262;7502;82;L2;822;2,77;27;10;1068,6;986,4;1,47;2671,5;295,92;405;80;3452,42;74514,3;71061,88
15582;18.05.2021;91;244;2299;59;L2;3061;11,19;139;55;5815,9;4897,6;1,32;14539,75;1469,28;2085;440;18534,03;641248,89;622714,86
543715;12.09.2024;417;148;7835;105;L1;10555;46,04;517;206;24804,25;20054,5;4,27;62010,62;6016,35;7755;1648;77429,98;3047650,7;2970220,72
26673;19.06.2025;472;272;9112;126;L5;10680;24,88;440;176;12282,0;11748,0;1,92;30705,0;3524,4;6600;1408;42237,4;589002,0;546764,6
72314;30.10.2023;71;175;6382;98;L5;8589;31,62;388;155;16319,1;13742,4;4,15;40797,75;4122,72;5820;1240;51980,47;1592057,04;1540076,57
115858;16.12.2023;466;243;6597;57;L6;8054;20,89;233;93;10470,2;9664,8;1,84;26175,5;2899,44;3495;744;33313,94;631433,6;598119,66
276832;21.03.2020;8;132;370;142;L1;2839;17,82;273;109;5394,1;4542,4;16,11;13485,25;1362,72;4095;872;19814,97;586707,74;566892,77
271200;09.03.2025;189;12;8645;110;L1;4664;21,25;221;88;11660,0;9328,0;1,46;29150,0;2798,4;3315;704;35967,4;1386840,4;1350873,0
7177;25.03.2025;273;209;8722;143;L2;2739;16,56;287;114;4793,25;4108,5;15,59;11983,12;1232,55;4305;912;18432,68;475956,03;457523,36
773603;27.11.2024;380;127;8182;131;L5;5536;12,83;121;48;6366,4;6089,6;0,86;15916,0;1826,88;1815;384;19941,88;221440,0;201498,12
375208;30.07.2025;88;289;9299;68;L4;2749;8,39;140;56;3573,7;3298,8;3,14;8934,25;989,64;2100;448;12471,89;349645,31;337173,42
425270;21.09.2020;30;133;1209;53;L4;3880;14,51;184;73;4462,0;4268,0;11,63;11155,0;1280,4;2760;584;15779,4;285374,0;269594,6
225392;18.06.2021;102;253;2440;59;L6;1408;3,73;37;14;1619,2;1548,8;1,14;4048,0;464,64;555;112;5179,64;118497,28;113317,64
155905;23.02.2022;234;13;3580;45;L3;7012;25,01;266;106;13322,8;11219,2;1,77;33307,0;3365,76;3990;848;41510,76;1431780,28;1390269,52
531889;26.01.2020;224;198;119;133;L1;2069;6,24;58;23;3000,05;2689,7;1,22;7500,12;806,91;870;184;9361,04;260073,3;250712,26
281076;01.11.2024;324;218;8062;83;L5;9005;26,93;341;136;13057,25;11706,5;4,87;32643,12;3511,95;5115;1088;42358,08;1178754,5;1136396,42
450184;22.09.2021;298;211;2878;92;L2;6926;23,54;276;110;12120,5;10389,0;2,75;30301,25;3116,7;4140;880;38437,95;1291075,66;1252637,71
761498;12.04.2022;190;241;3801;32;L2;2422;7,06;100;40;3511,9;3148,6;0,94;8779,75;944,58;1500;320;11544,33;273758,66;262214,33
242857;19.01.2021;39;238;1756;34;L3;6161;25,05;586;234;10781,75;9241,5;10,66;26954,38;2772,45;8790;1872;40388,82;1106638,82;1066250,0
375665;08.01.2023;329;230;5036;25;L5;7583;22,28;222;88;10995,35;9857,9;3,3;27488,38;2957,37;3330;704;34479,74;1097715,08;1063235,34
530781;26.11.2024;381;6;8175;80;L5;520;9,1;45;18;1144,0;936,0;14,13;2860,0;280,8;675;144;3959,8;138959,6;134999,8
724793;23.09.2022;237;107;4547;28;L5;666;3,62;43;17;1265,4;1065,6;2,66;3163,5;319,68;645;136;4264,18;128737,8;124473,62
233417;05.10.2022;277;116;4604;15;L2;13165;52,29;544;217;28963,0;23697,0;1,36;72407,5;7109,1;8160;1736;89412,6;3403810,75;3314398,15
738932;09.10.2024;437;286;7957;118;L3;7075;28,7;448;179;13442,5;11320,0;8,72;33606,25;3396,0;6720;1432;45154,25;1436366,5;1391212,25
526739;28.03.2025;184;189;8734;14;L6;7479;33,5;474;189;17575,65;14210,1;4,77;43939,12;4263,03;7110;1512;56824,16;2013197,22;1956373,06
453437;18.04.2021;122;87;2164;113;L3;3579;16,06;195;78;8410,65;6800,1;2,34;21026,62;2040,03;2925;624;26615,66;959422,53;932806,88
92201;25.11.2025;183;97;9837;53;L1;3130;16,13;212;84;7825,0;6260,0;4,72;19562,5;1878,0;3180;672;25292,5;910235,3;884942,8
770649;19.10.2022;385;110;4667;81;L3;4451;26,45;487;194;9792,2;8011,8;18,0;24480,5;2403,54;7305;1552;35741,04;1026311,58;990570,54
237770;16.11.2022;68;41;4794;96;L2;2396;13,27;133;53;3474,2;3114,8;13,5;8685,5;934,44;1995;424;12038,94;248944,4;236905,46
435183;13.02.2021;195;107;1872;94;L5;2448;9,0;85;34;3182,4;2937,6;5,86;7956,0;881,28;1275;272;10384,28;225803,52;215419,24
427409;09.12.2025;346;22;9900;65;L4;4388;21,64;231;92;8337,2;7020,8;13,09;20843,0;2106,24;3465;736;27150,24;885498,4;858348,16
771810;21.03.2022;219;43;3701;16;L5;4009;22,11;428;171;8819,8;7216,2;12,8;22049,5;2164,86;6420;1368;32002,36;1024419,77;992417,41
166835;15.11.2020;328;72;1457;43;L2;3007;16,3;194;77;5713,3;4811,2;11,92;14283,25;1443,36;2910;616;19252,61;577253,79;558001,18
506908;17.01.2024;257;212;6742;113;L2;7983;26,98;295;118;13970,25;11974,5;2,86;34925,62;3592,35;4425;944;43886,98;1426242,78;1382355,8
91949;16.06.2025;471;217;9099;2;L3;2265;8,94;161;64;4303,5;3624,0;2,3;10758,75;1087,2;2415;512;14772,95;431301,3;416528,35
347113;06.03.2023;484;109;5298;127;L2;5699;23,4;415;166;8263,55;7408,7;15,8;20658,88;2222,61;6225;1328;30434,48;920958,4;890523,92
391338;23.04.2023;320;57;5517;3;L2;6138;23,06;351;140;7979,4;7365,6;15,67;19948,5;2209,68;5265;1120;28543,18;698934,06;670390,88
409910;23.07.2022;222;41;4266;11;L2;5473;25,58;369;147;11219,65;9304,1;10,88;28049,12;2791,23;5535;1176;37551,35;1336397,14;1298845,79
638270;17.12.2025;433;9;9937;145;L2;2898;12,75;111;44;6375,6;5216,4;2,77;15939,0;1564,92;1665;352;19520,92;731049,48;711528,56
788006;22.02.2023;279;23;5244;93;L5;3556;14,46;213;85;7289,8;6045,2;2,74;18224,5;1813,56;3195;680;23913,06;834379,84;810466,78
580848;17.01.2025;414;295;8416;30;L2;8731;42,1;845;338;20517,85;16588,9;11,56;51294,63;4976,67;12675;2704;71650,3;2390460,49;2318810,2
313535;13.11.2024;251;142;8118;64;L1;5613;14,82;185;74;6454,95;6174,3;4,5;16137,38;1852,29;2775;592;21356,66;299060,64;277703,98
94870;19.01.2022;313;298;3422;95;L2;3451;16,82;150;60;3968,65;3796,1;18,18;9921,62;1138,83;2250;480;13790,46;206990,98;193200,52
668350;24.01.2020;209;53;110;62;L6;2368;8,48;85;34;4144,0;3552,0;1,81;10360,0;1065,6;1275;272;12972,6;443550,08;430577,48
292929;10.11.2022;489;275;4767;108;L3;1699;4,73;68;27;2208,7;2038,8;1,04;5521,75;611,64;1020;216;7369,39;189234,62;181865,23
698880;25.04.2023;108;35;5526;55;L5;5714;14,61;225;90;7428,2;6856,8;0,88;18570,5;2057,04;3375;720;24722,54;429064,26;404341,72
55257;24.09.2022;249;107;4553;106;L5;5546;17,2;202;80;8041,7;7209,8;4,23;20104,25;2162,94;3030;640;25937,19;647051,82;621114,63
519827;26.05.2023;334;123;5666;80;L5;1361;6,2;82;32;2177,6;1905,4;4,34;5444,0;571,62;1230;256;7501,62;208192,17;200690,55
654885;10.12.2022;17;205;4903;104;L6;3621;14,15;145;58;6336,75;5431,5;5,12;15841,88;1629,45;2175;464;20110,32;683862,06;663751,74
709893;18.05.2025;447;238;8965;45;L3;564;11,67;39;15;1156,2;958,8;19,19;2890,5;287,64;585;120;3883,14;126358,56;122475,42
699485;04.05.2020;81;75;569;144;L2;7821;27,85;441;176;14859,9;12513,6;1,88;37149,75;3754,08;6615;1408;48926,83;1864526,4;1815599,57
160037;06.01.2023;335;83;5026;6;L3;9707;23,97;242;96;11163,05;10677,7;4,46;27907,62;3203,31;3630;768;35508,94;633187,61;597678,68
493212;15.06.2022;196;19;4092;121;L5;9354;38,31;455;182;20578,8;16837,2;3,28;51447,0;5051,16;6825;1456;64779,16;2369929,44;2305150,28
647519;22.10.2025;92;132;9683;20;L1;7751;20,22;376;150;8913,65;8526,1;5,72;22284,12;2557,83;5640;1200;31681,96;694412,09;662730,14
709562;18.03.2020;297;195;354;104;L3;2018;7,3;81;32;3531,5;3027,0;1,69;8828,75;908,1;1215;256;11207,85;305202,32;293994,47
72147;14.12.2024;445;103;8257;49;L5;8318;29,58;349;139;14556,5;12477,0;5,93;36391,25;3743,1;5235;1112;46481,35;1493413,72;1446932,37
454831;24.06.2024;153;161;7471;134;L1;600;4,04;35;14;1320,0;1080,0;3,37;3300,0;324,0;525;112;4261,0;149688,0;145427,0
305720;25.08.2020;485;121;1084;53;L4;1215;3,85;42;16;1579,5;1458,0;1,67;3948,75;437,4;630;128;5144,15;146723,4;141579,25
82329;21.10.2025;319;115;9680;39;L2;8000;30,27;408;163;16400,0;13600,0;1,66;41000,0;4080,0;6120;1304;52504,0;1967920,0;1915416,0
358660;23.10.2024;192;82;8021;114;L4;7073;18,5;265;106;9194,9;8487,6;1,93;22987,25;2546,28;3975;848;30356,53;629779,92;599423,39
773810;18.12.2025;224;147;9942;39;L5;7826;23,99;317;126;11347,7;10173,8;5,41;28369,25;3052,14;4755;1008;37184,39;983728,2;946543,81
362393;14.10.2021;206;49;2979;82;L5;9987;26,0;351;140;12983,1;11984,4;2,46;32457,75;3595,32;5265;1120;42438,07;944870,07;902432,0
562090;27.01.2020;396;288;120;146;L3;4055;14,58;147;58;7704,5;6488,0;1,26;19261,25;1946,4;2205;464;23876,65;784966,9;761090,25
120123;18.11.2023;112;37;6471;66;L6;1785;6,16;51;20;2588,25;2320,5;2,61;6470,62;696,15;765;160;8091,78;188942,25;180850,48
50087;13.06.2025;106;158;9086;66;L5;1490;6,4;45;18;3278,0;2682,0;1,11;8195,0;804,6;675;144;9818,6;382766,1;372947,5
59694;27.10.2024;146;175;8040;103;L5;8972;40,26;783;313;21084,2;17046,8;5,87;52710,5;5114,04;11745;2504;72073,54;2396959,52;2324885,98
472292;01.08.2020;360;89;974;144;L1;11418;34,64;383;153;18268,8;15985,2;1,68;45672,0;4795,56;5745;1224;57436,56;1634144,16;1576707,6
497142;30.06.2023;268;216;5825;12;L6;3084;11,5;145;58;4009,2;3700,8;7,7;10023,0;1110,24;2175;464;13772,24;319656,6;305884,36
510102;28.04.2020;374;141;543;7;L2;7534;28,06;304;121;15444,7;12807,8;0,68;38611,75;3842,34;4560;968;47982,09;1619282,62;1571300,53
251486;22.10.2023;26;213;6346;129;L5;7319;33,95;387;154;18297,5;14638,0;3,49;45743,75;4391,4;5805;1232;57172,15;2388336,08;2331163,93
118025;11.04.2024;496;91;7132;125;L5;2400;12,82;173;69;5280,0;4320,0;6,82;13200,0;1296,0;2595;552;17643,0;596448,0;578805,0
756172;11.12.2023;4;156;6574;39;L1;6350;21,77;376;150;7302,5;6985,0;15,09;18256,25;2095,5;5640;1200;27191,75;544131,5;516939,75
686666;13.11.2025;449;75;9784;11;L2;3756;13,94;183;73;6009,6;5258,4;5,64;15024,0;1577,52;2745;584;19930,52;581503,92;561573,4
724105;08.10.2023;325;56;6282;105;L4;6817;25,32;242;96;13974,85;11588,9;0,46;34937,12;3476,67;3630;768;42811,8;1625377,31;1582565,52
484517;19.02.2022;354;225;3562;112;L4;5792;19,22;264;105;9267,2;8108,8;4,16;23168,0;2432,64;3960;840;30400,64;1005549,12;975148,48
283233;29.01.2021;76;103;1801;135;L5;1871;8,68;89;35;3274,25;2806,5;5,38;8185,62;841,95;1335;280;10642,58;332607,67;321965,1
123163;18.08.2020;186;243;1053;114;L6;5068;15,19;208;83;8108,8;7095,2;0,38;20272,0;2128,56;3120;664;26184,56;785641,36;759456,8
401751;18.03.2023;158;134;5353;26;L2;3697;13,36;119;47;7024,3;5915,2;1,29;17560,75;1774,56;1785;376;21496,31;727532,63;706036,32
650657;28.07.2024;235;248;7623;60;L1;4445;10,03;116;46;5111,75;4889,5;0,15;12779,38;1466,85;1740;368;16354,22;373913,4;357559,18
87662;10.08.2024;236;172;7684;21;L3;4024;22,31;299;119;8852,8;7243,2;13,08;22132,0;2172,96;4485;952;29741,96;1017267,2;987525,24
660477;06.01.2023;32;130;5028;105;L5;1195;7,48;58;23;2808,25;2270,5;5,02;7020,62;681,15;870;184;8755,78;335783,05;327027,27
450091;29.03.2020;156;156;407;103;L1;1740;10,58;136;54;2784,0;2436,0;10,87;6960,0;730,8;2040;432;10162,8;234934,8;224772,0
514011;26.04.2025;417;267;8865;54;L5;9925;44,19;640;256;23323,75;18857,5;5,8;58309,38;5657,25;9600;2048;75614,62;2865744,5;2790129,88
138425;01.06.2023;467;193;5692;130;L5;9810;22,69;261;104;11281,5;10791,0;1,44;28203,75;3237,3;3915;832;36188,05;970405,2;934217,15
420723;26.04.2023;75;100;5529;37;L3;2375;18,07;161;64;4868,75;4037,5;18,67;12171,88;1211,25;2415;512;16310,12;551950,0;535639,88
301346;28.04.2021;112;145;2206;11;L4;6257;18,91;287;114;9072,65;8134,1;3,79;22681,62;2440,23;4305;912;30338,86;662303,45;631964,6
154553;02.04.2020;334;114;424;59;L2;11202;33,35;365;146;17923,2;15682,8;0,38;44808,0;4704,84;5475;1168;56155,84;1713569,94;1657414,1
510679;08.11.2025;30;159;9759;113;L3;8792;23,52;350;140;10110,8;9671,2;7,65;25277,0;2901,36;5250;1120;34548,36;646651,6;612103,24
412577;05.07.2020;431;259;850;128;L6;3271;11,49;172;68;4742,95;4252,3;5,19;11857,38;1275,69;2580;544;16257,06;451561,55;435304,49
337657;26.05.2020;333;74;670;43;L3;6498;29,41;291;116;16245,0;12996,0;1,63;40612,5;3898,8;4365;928;49804,3;2118607,92;2068803,62
354903;09.08.2022;333;117;4345;11;L6;3625;16,24;161;64;9062,5;7250,0;0,59;22656,25;2175,0;2415;512;27758,25;1181895,0;1154136,75
105333;10.12.2022;383;58;4906;29;L2;1127;5,95;61;24;1803,2;1577,8;5,22;4508,0;473,34;915;192;6088,34;162919,12;156830,78
545646;24.11.2023;122;109;6497;80;L2;2535;14,71;232;92;5957,25;4816,5;8,34;14893,12;1444,95;3480;736;20554,08;679557,45;659003,38
381293;09.08.2022;289;293;4343;133;L4;8866;24,72;250;100;12855,7;11525,8;1,22;32139,25;3457,74;3750;800;40146,99;1125272,72;1085125,73
141667;21.12.2021;274;63;3288;123;L6;9427;39,82;373;149;22153,45;17911,3;1,21;55383,62;5373,39;5595;1192;67544,02;2750421,52;2682877,5
713774;25.10.2023;342;295;6362;87;L2;4795;21,84;279;111;8391,25;7192,5;12,99;20978,12;2157,75;4185;888;28208,88;993188,35;964979,48
129767;13.06.2024;54;281;7419;112;L6;12928;29,55;321;128;14867,2;14220,8;1,19;37168,0;4266,24;4815;1024;47273,24;1061259,52;1013986,28
537923;14.11.2022;330;20;4784;37;L6;4310;18,76;209;83;8835,5;7327,0;5,8;22088,75;2198,1;3135;664;28085,85;982507,6;954421,75
772450;07.01.2020;287;298;31;87;L2;2153;8,33;103;41;2798,9;2583,6;5,98;6997,25;775,08;1545;328;9645,33;214008,2;204362,87
231226;13.03.2025;49;78;8666;23;L5;4224;26,51;424;169;10560,0;8448,0;15,86;26400,0;2534,4;6360;1352;36646,4;1279618,56;1242972,16
377183;30.08.2024;19;138;7775;28;L1;4403;19,43;316;126;9686,6;7925,4;4,35;24216,5;2377,62;4740;1008;32342,12;1066230,48;1033888,36
201745;19.11.2024;193;32;8143;2;L5;7798;32,19;579;231;12476,8;10917,2;18,21;31192,0;3275,16;8685;1848;45000,16;1165801,0;1120800,84
509118;14.01.2023;342;70;5064;45;L2;1870;6,9;67;26;3272,5;2805,0;1,84;8181,25;841,5;1005;208;10235,75;387333,1;377097,35
633764;10.08.2022;345;187;4347;27;L2;9097;27,12;363;145;14555,2;12735,8;0,39;36388,0;3820,74;5445;1160;46813,74;1369735,29;1322921,55
728243;14.03.2024;403;150;7006;42;L1;9080;32,81;302;120;17252,0;14528,0;3,14;43130,0;4358,4;4530;960;52978,4;1868028,4;1815050,0
534017;10.06.2023;202;151;5735;97;L6;10576;33,84;373;149;18508,0;15864,0;0,0;46270,0;4759,2;5595;1192;57816,2;2016420,16;1958603,96
113479;22.07.2023;124;279;5925;70;L1;5627;17,96;215;86;8159,15;7315,1;5,31;20397,88;2194,53;3225;688;26505,4;677265,72;650760,31
772486;13.06.2024;25;204;7419;31;L6;8916;28,84;221;88;15603,0;13374,0;0,61;39007,5;4012,2;3315;704;47038,7;1389023,64;1341984,94
526423;07.08.2021;160;86;2670;69;L2;8307;32,81;423;169;17029,35;14121,9;4,48;42573,38;4236,57;6345;1352;54506,94;1953141,84;1898634,9
488828;30.09.2021;292;131;2917;128;L5;2547;9,77;160;64;4839,3;4075,2;2,03;12098,25;1222,56;2400;512;16232,81;484464,87;468232,06
249466;01.06.2025;459;286;9031;48;L3;788;11,77;50;20;1615,4;1339,6;17,74;4038,5;401,88;750;160;5350,38;173785,52;168435,14
216771;05.05.2024;144;91;7243;71;L5;7852;38,95;652;260;19630,0;15704,0;8,79;49075,0;4711,2;9780;2080;65646,2;2526773,6;2461127,4
747672;25.01.2025;92;230;8452;35;L5;7118;17,64;237;94;8185,7;7829,8;3,39;20464,25;2348,94;3555;752;27120,19;637701,62;610581,43
471822;10.09.2025;285;220;9491;110;L6;10048;40,35;435;174;22105,6;18086,4;1,93;55264,0;5425,92;6525;1392;68606,92;2410012,8;2341405,88
484674;11.01.2025;146;233;8388;127;L3;2941;13,71;212;84;6911,35;5587,9;2,95;17278,38;1676,37;3180;672;22806,74;785717,56;762910,82
60522;26.12.2022;398;221;4976;71;L4;7872;18,22;280;112;9052,8;8659,2;1,17;22632,0;2597,76;4200;896;30325,76;690768,0;660442,24
595417;17.03.2022;49;189;3680;39;L6;9961;45,91;586;234;24902,5;19922,0;4,17;62256,25;5976,6;8790;1872;78894,85;3017585,34;2938690,49
66393;02.01.2021;122;132;1679;141;L1;7998;38,39;433;173;18795,3;15196,2;10,25;46988,25;4558,86;6495;1384;59426,11;2144023,86;2084597,75
726558;03.05.2023;73;281;5563;56;L6;6338;26,48;387;154;14894,3;12042,2;0,24;37235,75;3612,66;5805;1232;47885,41;1652696,88;1604811,47
481130;15.10.2025;124;158;9653;97;L5;4418;12,37;138;55;6406,1;5743,4;0,71;16015,25;1723,02;2070;440;20248,27;531750,48;511502,21
778413;10.02.2023;434;285;5186;34;L6;8933;38,14;746;298;20992,55;16972,7;1,95;52481,38;5091,81;11190;2384;71147,18;2505438,51;2434291,33
113222;13.11.2023;101;77;6447;50;L5;4716;18,99;242;96;10375,2;8488,8;1,0;25938,0;2546,64;3630;768;32882,64;1205881,2;1172998,56
387373;24.10.2023;232;139;6358;89;L3;7891;25,27;296;118;12625,6;11047,4;3,82;31564,0;3314,22;4440;944;40262,22;1370351,06;1330088,84
36996;21.08.2023;243;125;6064;150;L5;2513;15,61;158;63;3643,85;3266,9;17,55;9109,62;980,07;2370;504;12963,7;359183,09;346219,4
472780;22.12.2021;426;116;3295;31;L2;10181;25,4;251;100;13235,3;12217,2;0,31;33088,25;3665,16;3765;800;41318,41;857240,2;815921,79
422296;23.11.2024;487;289;8165;80;L4;4798;18,92;285;114;9835,9;8156,6;2,53;24589,75;2446,98;4275;912;32223,73;1122348,16;1090124,43
701780;12.12.2025;426;40;9916;122;L4;8245;23,18;340;136;10718,5;9894,0;5,47;26796,25;2968,2;5100;1088;35952,45;694229,0;658276,55
195070;16.03.2023;133;117;5345;136;L6;8454;29,25;363;145;16062,6;13526,4;0,34;40156,5;4057,92;5445;1160;50819,42;1821667,92;1770848,5
681234;25.06.2022;388;13;4139;17;L3;3604;16,69;163;65;9010,0;7208,0;1,67;22525,0;2162,4;2445;520;27652,4;1099940,8;1072288,4
358120;28.03.2025;107;161;8734;9;L1;4772;16,84;218;87;8351,0;7158,0;3,13;20877,5;2147,4;3270;696;26990,9;830089,4;803098,5
22344;07.04.2021;219;49;2113;44;L5;2414;11,04;130;52;5310,8;4345,2;3,16;13277,0;1303,56;1950;416;16946,56;616849,42;599902,86
353678;03.05.2021;280;109;2232;134;L2;5456;23,3;284;113;7911,2;7092,8;16,92;19778,0;2127,84;4260;904;27069,84;790792,64;763722,8
287513;02.05.2020;172;122;562;107;L2;5460;15,48;162;64;7917,0;7098,0;1,26;19792,5;2129,4;2430;512;24863,9;779906,4;755042,5
7014;09.11.2023;160;292;6427;51;L4;6620;27,09;567;226;13571,0;11254,0;5,47;33927,5;3376,2;8505;1808;47616,7;1556494,4;1508877,7
377320;01.03.2024;352;87;6946;137;L3;3790;15,63;274;109;7201,0;6064,0;5,18;18002,5;1819,2;4110;872;24803,7;794800,9;769997,2
705521;22.01.2024;116;120;6765;112;L1;6618;24,17;338;135;12574,2;10588,8;2,8;31435,5;3176,64;5070;1080;40762,14;1391235,96;1350473,82
111662;25.06.2024;265;22;7474;140;L4;3332;13,63;250;100;5831,0;4998,0;5,93;14577,5;1499,4;3750;800;20626,9;506863,84;486236,94
487007;19.02.2025;55;152;8563;106;L1;3576;18,62;182;72;5185,2;4648,8;17,79;12963,0;1394,64;2730;576;17663,64;460731,84;443068,2
634460;04.10.2025;406;194;9602;18;L3;5997;15,76;191;76;6896,55;6596,7;4,65;17241,38;1979,01;2865;608;22693,38;471244,26;448550,88
94460;04.08.2025;417;236;9323;102;L3;3188;14,21;161;64;7491,8;6057,2;1,89;18729,5;1817,16;2415;512;23473,66;920503,12;897029,46
72571;05.10.2023;78;21;6268;138;L1;1614;5,4;71;28;2098,2;1936,8;2,79;5245,5;581,04;1065;224;7115,54;178347,0;171231,46
750572;17.06.2022;302;176;4102;122;L3;4529;21,43;248;99;7246,4;6340,6;16,06;18116,0;1902,18;3720;792;24530,18;676089,12;651558,94
315978;21.07.2024;235;297;7591;109;L4;11113;25,27;377;150;12779,95;12224,3;0,76;31949,87;3667,29;5655;1200;42472,16;934825,56;892353,4
521219;30.01.2020;210;256;137;96;L1;5460;24,53;301;120;12831,0;10374,0;3,64;32077,5;3112,2;4515;960;40664,7;1543050,6;1502385,9
226690;23.01.2024;320;32;6773;108;L5;5776;20,3;270;108;7508,8;6931,2;11,95;18772,0;2079,36;4050;864;25765,36;657713,12;631947,76
103728;26.10.2022;423;254;4698;138;L1;7936;35,39;520;208;18649,6;15078,4;4,74;46624,0;4523,52;7800;1664;60611,52;2314296,32;2253684,8
262194;11.06.2025;487;136;9078;105;L1;6606;25,26;352;140;13542,3;11230,2;1,91;33855,75;3369,06;5280;1120;43624,81;1545275,52;1501650,71
667728;21.06.2020;261;278;787;105;L2;8962;33,03;378;151;17027,8;14339,2;4,4;42569,5;4301,76;5670;1208;53749,26;1879779,5;1826030,24
777265;25.09.2021;416;218;2892;84;L5;2037;7,53;87;34;3259,2;2851,8;2,99;8148,0;855,54;1305;272;10580,54;244501,11;233920,57
743632;04.12.2023;290;121;6543;130;L4;5269;12,68;168;67;6059,35;5795,9;1,75;15148,37;1738,77;2520;536;19943,14;341325,82;321382,68
658400;17.06.2022;233;94;4100;53;L5;4172;16,3;194;77;7926,8;6675,2;3,89;19817,0;2002,56;2910;616;25345,56;828434,04;803088,48
135645;24.10.2023;56;162;6356;24;L4;3049;10,83;153;61;4878,4;4268,6;3,62;12196,0;1280,58;2295;488;16259,58;502292,26;486032,68
581245;12.12.2023;456;100;6578;147;L3;1293;6,79;87;34;1486,95;1422,3;7,79;3717,37;426,69;1305;272;5721,06;73170,87;67449,81
71253;10.11.2022;118;212;4769;49;L2;3931;12,62;155;62;6289,6;5503,4;1,97;15724,0;1651,02;2325;496;20196,02;591418,95;571222,93
701794;20.02.2023;147;207;5232;147;L2;4566;20,57;422;168;8675,4;7305,6;9,73;21688,5;2191,68;6330;1344;31554,18;884434,2;852880,02
482432;13.07.2023;491;294;5887;9;L5;7419;30,78;397;158;16321,8;13354,2;3,4;40804,5;4006,26;5955;1264;52029,76;1866323,64;1814293,88
767568;05.10.2023;430;88;6271;88;L4;9545;21,95;256;102;10976,75;10499,5;1,14;27441,88;3149,85;3840;816;35247,72;746991,7;711743,98
137221;09.10.2025;482;145;9624;114;L4;6233;30,09;363;145;15582,5;12466,0;5,33;38956,25;3739,8;5445;1160;49301,05;1716069,56;1666768,51
40727;15.01.2022;33;282;3405;65;L1;2285;7,41;72;28;3313,25;2970,5;2,38;8283,12;891,15;1080;224;10478,28;284345,4;273867,12
297510;31.12.2023;16;259;6665;131;L6;3605;10,06;127;50;4686,5;4326,0;2,23;11716,25;1297,8;1905;400;15319,05;292834,15;277515,1
226694;18.12.2024;394;10;8275;94;L6;6350;27,67;312;124;13970,0;11430,0;5,55;34925,0;3429,0;4680;992;44026,0;1540446,5;1496420,5
180110;04.10.2021;32;221;2933;149;L4;9148;40,62;708;283;21497,8;17381,2;5,12;53744,5;5214,36;10620;2264;71842,86;2570496,52;2498653,66
450023;14.04.2023;185;207;5476;123;L2;4832;14,83;175;70;5556,8;5315,2;8,02;13892,0;1594,56;2625;560;18671,56;383129,28;364457,72
173183;23.07.2021;288;25;2600;137;L2;4062;12,58;205;82;5889,9;5280,6;3,06;14724,75;1584,18;3075;656;20039,93;420579,48;400539,55
553619;07.03.2023;260;286;5301;64;L3;6713;19,16;372;148;7719,95;7384,3;8,24;19299,88;2215,29;5580;1184;28279,16;591348,17;563069,0
179408;19.11.2025;275;206;9811;38;L5;2257;9,04;109;43;2595,55;2482,7;7,97;6488,87;744,81;1635;344;9212,68;180875,98;171663,3
685003;17.05.2025;70;19;8962;119;L5;711;3,24;23;9;817,65;782,1;3,29;2044,12;234,63;345;72;2695,76;38905,92;36210,16
247465;23.09.2021;202;283;2881;44;L5;10825;35,87;500;200;18943,75;16237,5;2,45;47359,38;4871,25;7500;1600;61330,62;2063894,5;2002563,88
459330;21.08.2022;211;120;4400;126;L1;10230;25,17;527;210;11764,5;11253,0;4,5;29411,25;3375,9;7905;1680;42372,15;930930,0;888557,85
423653;26.03.2022;28;22;3722;87;L4;4345;22,38;320;128;8255,5;6952,0;14,86;20638,75;2085,6;4800;1024;28548,35;979580,25;951031,9
525055;19.03.2020;334;35;360;113;L5;9909;29,94;276;110;15854,4;13872,6;1,23;39636,0;4161,78;4140;880;48817,78;1515779,73;1466961,95
282249;01.04.2023;316;114;5418;67;L2;4015;17,1;227;90;9435,25;7628,5;0,8;23588,12;2288,55;3405;720;30001,68;1142709,15;1112707,48
149215;20.04.2020;140;155;505;57;L4;9741;24,79;282;112;12663,3;11689,2;1,26;31658,25;3506,76;4230;896;40291,01;1180024,74;1139733,73
706402;12.10.2020;136;154;1305;23;L6;2234;6,67;96;38;2569,1;2457,4;3,33;6422,75;737,22;1440;304;8903,97;197351,56;188447,59
77105;23.08.2023;186;182;6071;17;L4;2437;14,83;170;68;3899,2;3411,8;15,24;9748,0;1023,54;2550;544;13865,54;377783,74;363918,2
21543;10.01.2024;295;293;6714;107;L4;6704;21,99;270;108;11732,0;10056,0;1,08;29330,0;3016,8;4050;864;37260,8;1127746,88;1090486,08
471091;13.01.2021;475;148;1728;145;L1;2527;9,64;87;34;3664,15;3285,1;5,53;9160,38;985,53;1305;272;11722,9;289796,36;278073,46
389234;20.05.2023;51;103;5641;48;L5;3924;11,04;123;49;4512,6;4316,4;4,5;11281,5;1294,92;1845;392;14813,42;318314,88;303501,46
404753;10.03.2023;123;166;5316;56;L3;7878;22,22;346;138;11423,1;10241,4;1,59;28557,75;3072,42;5190;1104;37924,17;933385,44;895461,27
638310;07.01.2021;16;262;1699;53;L2;8352;20,8;292;116;10857,6;10022,4;0,17;27144,0;3006,72;4380;928;35458,72;678432,96;642974,24
460241;21.03.2022;104;190;3702;59;L2;6496;19,75;303;121;7470,4;7145,6;10,4;18676,0;2143,68;4545;968;26332,68;592500,16;566167,48
722433;23.03.2025;449;248;8712;150;L1;12850;38,61;492;196;20560,0;17990,0;1,16;51400,0;5397,0;7380;1568;65745,0;1989437,0;1923692,0
219071;28.06.2024;1;59;7486;41;L5;7758;34,18;482;192;14740,2;12412,8;14,98;36850,5;3723,84;7230;1536;49340,34;1490544,54;1441204,2
341314;24.12.2024;75;176;8304;21;L3;1362;7,9;96;38;2792,1;2315,4;5,77;6980,25;694,62;1440;304;9418,87;316528,8;307109,93
615922;04.08.2025;88;109;9324;121;L2;6652;21,83;320;128;8647,6;7982,4;10,66;21619,0;2394,72;4800;1024;29837,72;846067,88;816230,16
318509;18.10.2024;2;21;7998;35;L1;1225;4,48;40;16;1408,75;1347,5;3,48;3521,88;404,25;600;128;4654,12;100866,5;96212,38
80563;21.05.2021;482;160;2311;50;L3;6566;30,44;386;154;16415,0;13132,0;3,09;41037,5;3939,6;5790;1232;51999,1;1807751,12;1755752,02
543619;20.12.2020;329;298;1618;132;L2;6725;24,44;357;142;9751,25;8742,5;12,29;24378,12;2622,75;5355;1136;33491,88;973511,0;940019,12
221317;10.08.2025;465;292;9350;92;L4;4485;19,47;266;106;6503,25;5830,5;14,54;16258,12;1749,15;3990;848;22845,28;486891,6;464046,32
737419;23.02.2022;116;212;3581;126;L2;9537;33,71;673;269;18120,3;15259,2;1,81;45300,75;4577,76;10095;2152;62125,51;2004868,14;1942742,63
177036;25.01.2025;303;235;8450;147;L2;6411;30,19;828;331;15065,85;12180,9;7,04;37664,62;3654,27;12420;2648;56386,9;1762704,45;1706317,56
424979;31.01.2022;467;148;3478;81;L1;7267;19,26;374;149;8357,05;7993,7;5,96;20892,62;2398,11;5610;1192;30092,74;718851,64;688758,9
141873;03.12.2023;289;3;6537;63;L6;1540;5,44;57;22;2233,0;2002,0;2,5;5582,5;600,6;855;176;7214,1;195456,8;188242,7
510752;18.02.2025;500;50;8561;126;L1;1617;12,59;185;74;3799,95;3072,3;11,72;9499,88;921,69;2775;592;13788,56;478437,96;464649,4
263057;22.02.2020;398;247;241;137;L5;3437;9,86;181;72;3952,55;3780,7;4,33;9881,38;1134,21;2715;576;14306,58;301596,75;287290,16
473439;08.04.2021;468;170;2117;53;L6;4050;12,5;158;63;5872,5;5265,0;2,97;14681,25;1579,5;2370;504;19134,75;454815,0;435680,25
442456;13.11.2020;421;36;1451;82;L5;5307;14,5;159;63;7695,15;6899,1;0,13;19237,88;2069,73;2385;504;24196,6;829643,31;805446,7
253525;06.02.2024;302;46;6833;53;L5;8454;26,19;351;140;13526,4;11835,6;2,33;33816,0;3550,68;5265;1120;43751,68;1262013,12;1218261,44
322882;02.07.2020;2;200;837;126;L2;9405;21,84;465;186;10815,75;10345,5;1,55;27039,38;3103,65;6975;1488;38606,02;774407,7;735801,68
552087;10.04.2022;212;217;3789;102;L3;4801;16,66;197;78;8401,75;7201,5;2,58;21004,38;2160,45;2955;624;26743,82;924384,54;897640,72
45775;17.11.2024;203;267;8138;67;L5;4907;19,4;358;143;9323,3;7851,2;5,03;23308,25;2355,36;5370;1144;32177,61;1031598,61;999421,0
754175;27.01.2024;394;18;6788;118;L2;2878;13,26;173;69;6331,6;5180,4;3,95;15829,0;1554,12;2595;552;20530,12;698174,02;677643,9
169687;30.08.2021;278;116;2774;72;L2;1195;4,71;40;16;2270,5;1912,0;1,2;5676,25;573,6;600;128;6977,85;247030,4;240052,55
96003;07.06.2022;469;231;4054;55;L4;10216;25,71;403;161;13280,8;12259,2;0,74;33202,0;3677,76;6045;1288;44212,76;869688,08;825475,32
175813;05.05.2020;325;286;576;17;L3;1809;10,84;149;59;3708,45;3075,3;8,36;9271,12;922,59;2235;472;12900,72;431319,87;418419,16
667695;05.07.2025;125;18;9186;144;L2;6817;17,81;251;100;8862,1;8180,4;1,8;22155,25;2454,12;3765;800;29174,37;704400,61;675226,24
313793;11.04.2021;166;75;2132;133;L2;1631;7,95;60;24;3343,55;2772,7;3,9;8358,88;831,81;900;192;10282,68;427044,73;416762,04
205234;18.10.2023;77;300;6328;146;L4;1521;11,32;73;29;2661,75;2281,5;12,9;6654,38;684,45;1095;232;8665,83;246584,52;237918,7
607419;04.12.2025;107;255;9877;3;L4;2280;12,83;131;52;3990,0;3420,0;11,06;9975,0;1026,0;1965;416;13382,0;396606,0;383224,0
329831;10.05.2024;472;6;7263;125;L5;4424;18,3;210;84;5087,6;4866,4;16,77;12719,0;1459,92;3150;672;18000,92;243983,6;225982,68
396028;21.09.2024;238;295;7875;5;L2;3263;11,64;266;106;4731,35;4241,9;5,52;11828,37;1272,57;3990;848;17938,94;417370,33;399431,38
649758;07.05.2022;191;293;3913;54;L4;10890;45,51;561;224;25591,5;20691,0;0,41;63978,75;6207,3;8415;1792;80393,05;2769435,9;2689042,85
475771;06.07.2025;284;251;9188;113;L5;8811;28,83;325;130;15419,25;13216,5;1,28;38548,12;3964,95;4875;1040;48428,08;1732242,6;1683814,52
247358;04.07.2022;312;295;4180;123;L2;6779;31,23;337;134;12880,1;10846,4;15,83;32200,25;3253,92;5055;1072;41581,17;1286450,83;1244869,66
225548;12.09.2022;487;278;4500;40;L2;6417;26,1;213;85;13154,85;10908,9;4,97;32887,12;3272,67;3195;680;40034,8;1501064,64;1461029,84
460433;22.12.2022;376;37;4961;15;L6;5119;23,85;290;116;12797,5;10238,0;2,66;31993,75;3071,4;4350;928;40343,15;1625743,21;1585400,06
152657;18.06.2023;418;208;5770;91;L1;7928;27,5;383;153;13874,0;11892,0;4,27;34685,0;3567,6;5745;1224;45221,6;1428625,6;1383404,0
670053;22.12.2020;465;201;1627;104;L4;1336;5,3;47;18;1937,2;1736,8;3,33;4843,0;521,04;705;144;6213,04;145036,16;138823,12
158345;01.11.2020;445;140;1393;114;L4;8153;26,7;295;118;14267,75;12229,5;1,22;35669,38;3668,85;4425;944;44707,22;1463789,62;1419082,39
230682;21.03.2024;324;48;7037;83;L4;6843;19,39;259;103;9922,35;8895,9;1,56;24805,88;2668,77;3885;824;32183,64;895748,7;863565,06
305248;01.08.2021;82;177;2641;98;L4;10866;27,54;385;154;14125,8;13039,2;1,19;35314,5;3911,76;5775;1232;46233,26;1070952,96;1024719,7
701551;03.06.2022;38;294;4037;126;L5;3307;9,15;204;81;3803,05;3637,7;3,48;9507,62;1091,31;3060;648;14306,94;245214,05;230907,12
758398;12.05.2020;65;93;606;77;L3;4413;11,87;127;50;5736,9;5295,6;1,86;14342,25;1588,68;1905;400;18235,93;453656,4;435420,47
593656;25.11.2022;32;102;4837;126;L5;8868;37,82;727;290;20839,8;16849,2;1,87;52099,5;5054,76;10905;2320;70379,26;2491819,32;2421440,06
406604;28.09.2022;364;121;4571;97;L4;11488;34,45;382;152;18380,8;16083,2;0,9;45952,0;4824,96;5730;1216;57722,96;1875416,0;1817693,04
520038;30.11.2023;366;260;6526;5;L5;5172;30,7;736;294;12930,0;10344,0;15,88;32325,0;3103,2;11040;2352;48820,2;1429282,2;1380462,0
319074;03.11.2020;215;124;1404;86;L2;1411;12,85;94;37;2680,9;2257,6;15,99;6702,25;677,28;1410;296;9085,53;278658,39;269572,86
477596;17.08.2024;223;86;7715;6;L2;1119;5,22;32;12;1622,55;1454,7;4,36;4056,38;436,41;480;96;5068,78;143086,53;138017,74
38199;13.11.2025;486;90;9781;56;L1;6999;16,88;335;134;8048,85;7698,9;2,4;20122,12;2309,67;5025;1072;28528,8;584136,54;555607,74
621082;13.12.2022;317;212;4919;16;L2;2501;8,01;150;60;2876,15;2751,1;4,81;7190,37;825,33;2250;480;10745,7;166141,43;155395,73
144045;01.02.2022;282;150;3482;26;L1;8037;28,18;246;98;14064,75;12055,5;4,93;35161,88;3616,65;3690;784;43252,52;1491988,68;1448736,16
411631;10.05.2023;143;262;5593;85;L2;9436;39,54;611;244;22174,6;17928,4;0,58;55436,5;5378,52;9165;1952;71932,02;2531867,52;2459935,5
774017;21.02.2021;377;236;1905;62;L3;8493;35,6;447;178;18684,6;15287,4;4,62;46711,5;4586,22;6705;1424;59426,72;2192467,95;2133041,23
419250;27.05.2021;346;199;2342;112;L2;4379;15,47;149;59;8320,1;7006,4;0,8;20800,25;2101,92;2235;472;25609,17;883682,2;858073,03
508482;10.10.2022;370;148;4625;65;L1;7031;28,1;352;140;15468,2;12655,8;1,07;38670,5;3796,74;5280;1120;48867,24;1799514,14;1750646,9
468961;03.08.2021;26;244;2652;73;L2;875;5,05;64;25;2187,5;1750,0;2,4;5468,75;525,0;960;200;7153,75;285530,0;278376,25
27130;27.09.2021;265;150;2899;100;L1;2592;10,72;81;32;4536,0;3888,0;4,84;11340,0;1166,4;1215;256;13977,4;394295,04;380317,64
298079;01.12.2022;236;130;4864;112;L5;10884;45,61;514;205;23944,8;19591,2;5,89;59862,0;5877,36;7710;1640;75089,36;2751475,2;2676385,84
198184;26.11.2025;149;231;9844;78;L4;5133;12,46;114;45;5902,95;5646,3;1,93;14757,38;1693,89;1710;360;18521,26;281442,39;262921,12
683181;23.07.2021;339;256;2598;110;L1;8078;29,76;394;157;15348,2;12924,8;3,95;38370,5;3877,44;5910;1256;49413,94;1678931,52;1629517,58
339921;23.06.2025;37;102;9132;88;L5;3776;13,98;139;55;7174,4;6041,6;1,97;17936,0;1812,48;2085;440;22273,48;734620,8;712347,32
422557;26.08.2025;207;52;9423;63;L6;11107;43,58;437;174;24435,4;19992,6;0,08;61088,5;5997,78;6555;1392;75033,28;2875158,02;2800124,74
259154;06.09.2022;293;101;4469;40;L4;6516;35,38;382;152;14335,2;11728,8;19,67;35838,0;3518,64;5730;1216;46302,64;1585407,96;1539105,32
758221;02.07.2022;331;90;4169;97;L1;6884;20,04;268;107;9981,8;8949,2;2,64;24954,5;2684,76;4020;856;32515,26;1074798,92;1042283,66
553703;09.07.2023;117;34;5869;57;L1;3770;15,1;185;74;8294,0;6786,0;0,64;20735,0;2035,8;2775;592;26137,8;944083,4;917945,6
522691;27.12.2025;66;293;9984;92;L4;3095;10,68;125;50;5880,5;4952,0;0,07;14701,25;1485,6;1875;400;18461,85;583933,65;565471,8
136623;10.02.2021;148;295;1855;25;L2;3933;22,17;256;102;8652,6;7079,4;13,5;21631,5;2123,82;3840;816;28411,32;966613,41;938202,09
701107;08.10.2025;447;287;9617;120;L1;1704;6,89;78;31;3493,2;2896,8;1,24;8733,0;869,04;1170;248;11020,04;381764,16;370744,12
160905;30.09.2020;371;130;1249;109;L5;5848;22,61;408;163;11111,2;9356,8;4,99;27778,0;2807,04;6120;1304;38009,04;1212933,68;1174924,64
141775;05.02.2020;276;122;162;78;L2;7437;31,8;264;105;17476,95;14130,3;1,73;43692,38;4239,09;3960;840;52731,46;2096118,45;2043386,98
212532;09.11.2022;225;104;4765;5;L4;6997;28,4;540;216;15393,4;12594,6;1,94;38483,5;3778,38;8100;1728;52089,88;1606511,2;1554421,32
348642;18.05.2025;349;165;8968;126;L1;2803;18,61;262;104;4905,25;4204,5;19,27;12263,12;1261,35;3930;832;18286,47;479705,42;461418,94
483010;02.08.2024;51;161;7649;34;L1;8903;22,37;389;155;10238,45;9793,3;4,85;25596,12;2937,99;5835;1240;35609,12;722211,36;686602,24
241180;29.07.2025;241;114;9297;4;L2;6400;25,74;323;129;14080,0;11520,0;1,31;35200,0;3456,0;4845;1032;44533,0;1612736,0;1568203,0
465070;26.08.2024;461;119;7759;76;L3;10484;41,94;519;207;23064,8;18871,2;1,69;57662,0;5661,36;7785;1656;72764,36;2597411,0;2524646,64
418317;26.06.2024;476;6;7477;46;L5;4548;18,36;249;99;7276,8;6367,2;9,79;18192,0;1910,16;3735;792;24629,16;835876,92;811247,76
699672;26.04.2023;338;290;5530;64;L2;8695;27,86;351;140;13912,0;12173,0;4,24;34780,0;3651,9;5265;1120;44816,9;1359550,2;1314733,3
410455;10.09.2021;282;224;2824;57;L5;9853;32,78;430;172;17242,75;14779,5;2,5;43106,88;4433,85;6450;1376;55366,72;1829110,92;1773744,19
657308;24.12.2022;159;234;4969;85;L2;6872;32,7;699;279;17180,0;13744,0;4,93;42950,0;4123,2;10485;2232;59790,2;2056514,72;1996724,52
722511;19.06.2024;52;88;7447;53;L4;5093;17,16;224;89;8912,75;7639,5;1,73;22281,88;2291,85;3360;712;28645,72;761199,78;732554,06
381992;20.07.2023;432;263;5916;77;L4;3206;17,11;207;82;6091,4;5129,6;12,16;15228,5;1538,88;3105;656;20528,38;665052,64;644524,26
726929;22.08.2022;348;230;4403;54;L5;7133;32,77;481;192;17832,5;14266,0;2,77;44581,25;4279,8;7215;1536;57612,05;2030479,78;1972867,73
93260;28.04.2025;315;148;8876;107;L1;729;3,65;23;9;838,35;801,9;4,04;2095,88;240,57;345;72;2753,44;74336,13;71582,68
65317;04.07.2023;40;208;5847;82;L1;10736;36,88;455;182;18788,0;16104,0;5,04;46970,0;4831,2;6825;1456;60082,2;1603421,6;1543339,4
116619;21.03.2025;213;50;8703;41;L1;3883;20,43;241;96;7377,7;6212,8;14,14;18444,25;1863,84;3615;768;24691,09;857094,59;832403,5
65103;19.05.2020;338;264;638;15;L5;9208;28,5;382;152;14732,8;12891,2;2,49;36832,0;3867,36;5730;1216;47645,36;1439762,88;1392117,52
585816;30.11.2024;240;135;8194;57;L5;2533;6,48;73;29;3292,9;3039,6;0,4;8232,25;911,88;1095;232;10471,13;214291,8;203820,67
188548;28.12.2025;280;180;9989;85;L3;3053;11,47;249;99;4426,85;3968,9;6,33;11067,12;1190,67;3735;792;16784,79;442501,82;425717,02
663966;22.03.2021;56;235;2037;105;L2;3549;20,22;186;74;5678,4;4968,6;19,43;14196,0;1490,58;2790;592;19068,58;584662,26;565593,68
15068;14.09.2022;365;92;4506;135;L3;1629;6,61;61;24;2606,4;2280,6;3,58;6516,0;684,18;915;192;8307,18;260281,62;251974,44
405517;16.06.2022;323;42;4096;20;L3;2871;12,44;151;60;6316,2;5167,8;2,38;15790,5;1550,34;2265;480;20085,84;747809,37;727723,53
55292;28.11.2025;221;201;9850;95;L4;8853;38,98;438;175;20804,55;16820,7;4,31;52011,38;5046,21;6570;1400;65027,58;2438381,79;2373354,2
781264;19.11.2020;469;22;1478;112;L4;4983;21,68;279;111;6477,9;5979,6;18,64;16194,75;1793,88;4185;888;23061,63;424202,79;401141,16
718351;14.02.2020;72;291;206;139;L6;493;11,0;27;10;862,75;739,5;18,85;2156,88;221,85;405;80;2863,72;94064,4;91200,68
649821;12.02.2023;369;91;5198;119;L5;3395;23,1;264;105;8487,5;6790,0;16,33;21218,75;2037,0;3960;840;28055,75;986654,9;958599,15
480770;30.09.2021;313;54;2917;72;L4;7353;17,22;182;72;8455,95;8088,3;1,5;21139,87;2426,49;2730;576;26872,36;441032,94;414160,58
178958;05.04.2020;100;173;439;116;L2;4204;21,35;222;88;10510,0;8408,0;5,7;26275,0;2522,4;3330;704;32831,4;1176993,88;1144162,48
448976;23.09.2020;262;85;1217;128;L4;1551;4,42;76;30;2016,3;1861,2;1,14;5040,75;558,36;1140;240;6979,11;152789,01;145809,9
485412;06.07.2020;243;82;857;132;L4;9950;28,66;377;150;14427,5;12935,0;3,19;36068,75;3880,5;5655;1200;46804,25;1422153,5;1375349,25
674614;30.07.2025;302;249;9300;2;L1;5038;15,32;213;85;8060,8;7053,2;0,82;20152,0;2115,96;3195;680;26142,96;752072,64;725929,68
679741;10.08.2025;92;223;9350;85;L1;1939;12,68;165;66;2229,85;2132,9;16,68;5574,62;639,87;2475;528;9217,49;173715,01;164497,52
95089;23.07.2022;329;170;4264;38;L6;2698;8,77;107;42;3912,1;3507,4;2,86;9780,25;1052,22;1605;336;12773,47;390562,48;377789,01
779321;18.05.2020;485;284;634;40;L6;7682;26,24;265;106;9986,6;9218,4;14,38;24966,5;2765,52;3975;848;32555,02;927678,32;895123,3
467857;21.01.2025;56;215;8431;10;L5;8220;26,42;319;127;13152,0;11508,0;4,18;32880,0;3452,4;4785;1016;42133,4;1354162,8;1312029,4
696899;10.12.2020;45;243;1572;119;L6;9342;30,3;323;129;16348,5;14013,0;0,8;40871,25;4203,9;4845;1032;50952,15;1637465,76;1586513,61
37488;16.05.2025;423;149;8958;133;L3;1005;10,75;68;27;2361,75;1909,5;13,13;5904,38;572,85;1020;216;7713,22;293078,1;285364,88
452775;30.08.2020;3;103;1106;19;L5;6136;27,02;240;96;14419,6;11658,4;2,99;36049,0;3497,52;3600;768;43914,52;1574927,12;1531012,6
391488;21.05.2020;263;33;647;143;L5;4858;26,14;498;199;10687,6;8744,4;14,19;26719,0;2623,32;7470;1592;38404,32;1349066,6;1310662,28
261919;14.04.2023;67;173;5475;122;L2;8665;32,6;380;152;16463,5;13864,0;5,58;41158,75;4159,2;5700;1216;52233,95;1653541,95;1601308,0
206157;27.11.2020;191;237;1515;150;L6;5379;23,32;335;134;12640,65;10220,1;1,89;31601,62;3066,03;5025;1072;40764,66;1367933,49;1327168,84
655020;16.10.2021;301;298;2990;123;L2;2559;17,83;185;74;6397,5;5118,0;13,15;15993,75;1535,4;2775;592;20896,15;730594,5;709698,35
197011;12.04.2023;239;217;5464;134;L3;7637;34,7;394;157;17946,95;14510,3;5,85;44867,38;4353,09;5910;1256;56386,46;2223130,7;2166744,24
270454;08.11.2023;334;245;6424;68;L4;7778;28,77;526;210;12444,8;10889,2;11,5;31112,0;3266,76;7890;1680;43948,76;1189800,66;1145851,9
386738;09.05.2023;274;85;5589;118;L4;6968;30,61;440;176;16374,8;13239,2;3,24;40937,0;3971,76;6600;1408;52916,76;2032983,68;1980066,92
64967;04.10.2024;297;296;7935;110;L4;10413;34,49;481;192;18222,75;15619,5;2,34;45556,88;4685,85;7215;1536;58993,72;1574862,12;1515868,4
426595;06.01.2024;82;222;6692;113;L1;1024;3,05;31;12;1331,2;1228,8;1,01;3328,0;368,64;465;96;4257,64;100925,44;96667,8
745321;17.07.2024;423;40;7576;132;L4;5303;24,44;279;111;12462,05;10075,7;4,75;31155,13;3022,71;4185;888;39250,84;1546460,86;1507210,02
720753;28.03.2021;302;128;2067;60;L4;7846;23,24;251;100;12553,6;10984,4;0,03;31384,0;3295,32;3765;800;39244,32;1171250,88;1132006,56
522490;07.10.2025;299;272;9615;115;L5;7691;24,95;328;131;13459,25;11536,5;0,68;33648,12;3460,95;4920;1048;43077,08;1436601,89;1393524,82
697962;12.05.2020;50;238;605;140;L3;7258;23,64;483;193;10524,1;9435,4;7,8;26310,25;2830,62;7245;1544;37929,87;800702,56;762772,69
258639;11.06.2025;206;77;9078;122;L5;8574;21,46;283;113;11146,2;10288,8;0,38;27865,5;3086,64;4245;904;36101,14;811186,14;775085,0
258457;01.05.2024;397;83;7224;38;L3;8141;31,67;407;162;16689,05;13839,7;3,42;41722,62;4151,91;6105;1296;53275,54;2014978,91;1961703,38
364232;10.08.2020;354;77;1017;45;L5;11782;35,41;399;159;18851,2;16494,8;1,08;47128,0;4948,44;5985;1272;59333,44;2045473,02;1986139,58
183451;14.10.2021;38;2;2978;130;L4;3335;7,78;89;35;3835,25;3668,5;0,63;9588,12;1100,55;1335;280;12303,68;247290,25;234986,58
524584;10.05.2023;19;52;5593;50;L6;8354;32,79;358;143;18378,8;15037,2;0,09;45947,0;4511,16;5370;1144;56972,16;2023004,64;1966032,48
506177;21.10.2025;420;119;9677;87;L3;6600;28,14;323;129;15510,0;12540,0;1,36;38775,0;3762,0;4845;1032;48414,0;1528296,0;1479882,0
659505;04.10.2021;49;284;2935;116;L6;2624;18,33;194;77;6560,0;5248,0;13,57;16400,0;1574,4;2910;616;21500,4;794914,56;773414,16
257421;13.04.2025;308;147;8808;72;L5;4185;18,69;237;94;9207,0;7533,0;4,57;23017,5;2259,9;3555;752;29584,4;1047924,0;1018339,6
38957;05.06.2025;365;138;9048;77;L1;9231;30,14;380;152;14769,6;12923,4;5,63;36924,0;3877,02;5700;1216;47717,02;1474929,18;1427212,16
705420;25.08.2020;169;123;1087;73;L5;9607;26,2;454;181;12489,1;11528,4;4,75;31222,75;3458,52;6810;1448;42939,27;870874,55;827935,28
41702;04.03.2021;255;185;1956;80;L5;8899;40,04;732;292;22247,5;17798,0;1,77;55618,75;5339,4;10980;2336;74274,15;2533367,32;2459093,17
81739;14.09.2020;417;70;1176;96;L2;6556;27,53;289;115;15406,6;12456,4;0,52;38516,5;3736,92;4335;920;47508,42;1892979,44;1845471,02
351143;16.11.2025;146;89;9796;95;L1;2004;9,28;79;31;4709,4;3807,6;1,88;11773,5;1142,28;1185;248;14348,78;535388,64;521039,86
371889;21.03.2025;22;258;8703;51;L1;3166;9,17;111;44;3640,9;3482,6;4,16;9102,25;1044,78;1665;352;12164,03;170552,42;158388,39
313675;08.02.2020;75;182;177;97;L4;2782;16,59;191;76;5703,1;4729,4;12,7;14257,75;1418,82;2865;608;19149,57;646536,8;627387,23
616840;01.08.2021;51;135;2640;57;L5;2073;5,01;55;22;2383,95;2280,3;0,74;5959,88;684,09;825;176;7644,96;168161,76;160516,8
359633;12.05.2021;191;25;2270;37;L2;9276;39,28;497;198;21798,6;17624,4;1,38;54496,5;5287,32;7455;1584;68822,82;2358979,56;2290156,74
295415;20.12.2022;187;158;4952;64;L5;8690;36,25;365;146;20421,5;16511,0;0,19;51053,75;4953,3;5475;1168;62650,05;2475607,2;2412957,15
551883;20.08.2025;378;189;9394;144;L6;8244;21,29;304;121;10717,2;9892,8;1,7;26793,0;2967,84;4560;968;35288,84;778563,36;743274,52
566768;17.07.2023;454;161;5902;24;L1;3633;14,17;170;68;6902,7;5812,8;3,34;17256,75;1743,84;2550;544;22094,59;779133,18;757038,59
576249;23.02.2022;404;273;3583;128;L4;5084;19,01;270;108;10422,2;8642,8;0,6;26055,5;2592,84;4050;864;33562,34;1176691,8;1143129,46
526526;02.06.2021;223;245;2365;84;L4;4462;20,5;250;100;6469,9;5800,6;16,72;16174,75;1740,18;3750;800;22464,93;570555,94;548091,01
474656;06.09.2020;141;218;1140;28;L5;5251;12,62;248;99;6038,65;5776,1;1,72;15096,62;1732,83;3720;792;21341,46;574879,48;553538,02
446442;11.07.2021;424;131;2544;65;L5;2125;10,19;97;38;5312,5;4250,0;1,69;13281,25;1275,0;1455;304;16315,25;604350,0;588034,75
578404;23.10.2024;59;65;8021;128;L2;3121;13,76;218;87;6866,2;5617,8;3,06;17165,5;1685,34;3270;696;22816,84;694079,19;671262,35
191563;04.04.2025;272;141;8764;92;L2;828;2,0;24;9;952,2;910,8;0,29;2380,5;273,24;360;72;3085,74;80034,48;76948,74
699483;08.07.2020;446;143;866;28;L6;6612;16,74;312;124;7603,8;7273,2;3,85;19009,5;2181,96;4680;992;26863,46;421118,28;394254,82
2353;09.07.2021;285;27;2534;100;L1;4994;26,57;257;102;10986,8;8989,2;13,98;27467,0;2696,76;3855;816;34834,76;1197810,9;1162976,14
697287;17.09.2025;178;97;9521;98;L1;10431;41,11;497;198;21383,55;17732,7;5,45;53458,88;5319,81;7455;1584;67817,68;2445965,19;2378147,5
781777;30.06.2021;97;16;2497;149;L2;6448;19,27;438;175;7415,2;7092,8;9,65;18538,0;2127,84;6570;1400;28635,84;476378,24;447742,4
614220;28.01.2021;288;259;1798;35;L6;8477;25,53;324;129;12291,65;11020,1;4,95;30729,12;3306,03;4860;1032;39927,16;877708,58;837781,42
727673;03.05.2021;475;285;2230;46;L6;8618;25,5;317;126;12496,1;11203,4;4,12;31240,25;3361,02;4755;1008;40364,27;988312,24;947947,97
139839;11.07.2024;260;271;7549;22;L4;9158;21,3;299;119;10531,7;10073,8;1,58;26329,25;3022,14;4485;952;34788,39;806728,22;771939,83
761314;08.01.2024;133;23;6702;44;L5;1042;4,57;50;20;1979,8;1667,2;1,97;4949,5;500,16;750;160;6359,66;224530,16;218170,5
401402;28.01.2024;211;158;6793;11;L5;12447;28,6;332;132;14314,05;13691,7;1,43;35785,12;4107,51;4980;1056;45928,64;1132677,0;1086748,36
368122;18.05.2023;336;124;5630;85;L2;3234;16,54;281;112;5174,4;4527,6;13,94;12936,0;1358,28;4215;896;19405,28;461621,16;442215,88
109346;22.03.2023;18;106;5369;14;L2;5884;27,29;569;227;12062,2;10002,8;11,28;30155,5;3000,84;8535;1816;43507,34;1307601,32;1264093,98
111963;12.12.2023;448;119;6578;116;L3;4039;9,63;102;40;4644,85;4442,9;1,17;11612,12;1332,87;1530;320;14795,0;322837,27;308042,28
513136;25.06.2020;410;114;808;115;L2;1926;7,8;96;38;4237,2;3466,8;0,5;10593,0;1040,04;1440;304;13377,04;480421,44;467044,4
441213;10.05.2020;430;166;596;121;L3;6688;15,06;171;68;7691,2;7356,8;0,16;19228,0;2207,04;2565;544;24544,04;523402,88;498858,84
506187;03.03.2025;76;80;8620;25;L2;4774;18,04;221;88;8354,5;7161,0;5,53;20886,25;2148,3;3315;704;27053,55;848673,98;821620,43
779266;07.04.2022;414;17;3776;10;L5;5333;23,16;323;129;12532,55;10132,7;1,95;31331,38;3039,81;4845;1032;40248,19;1460122,07;1419873,88
92983;23.03.2025;1;263;8709;104;L4;7937;30,42;473;189;15080,3;12699,2;6,24;37700,75;3809,76;7095;1512;50117,51;1524935,81;1474818,3
386289;09.05.2023;140;50;5590;119;L1;5502;22,73;276;110;7152,6;6602,4;18,18;17881,5;1980,72;4140;880;24882,22;666512,28;641630,06
162796;10.07.2021;320;29;2542;135;L6;5167;15,5;204;81;6717,1;6200,4;5,37;16792,75;1860,12;3060;648;22360,87;588366,29;566005,42
314937;05.11.2025;126;144;9746;127;L5;8620;39,71;651;260;21550,0;17240,0;3,57;53875,0;5172,0;9765;2080;70892,0;2524108,4;2453216,4
676837;30.03.2021;479;131;2073;11;L5;10105;38,85;487;194;20715,25;17178,5;3,32;51788,12;5153,55;7305;1552;65798,68;1894788,55;1828989,87
511810;09.11.2020;285;78;1430;133;L5;6922;31,24;451;180;15228,4;12459,6;8,22;38071,0;3737,88;6765;1440;50013,88;1660241,7;1610227,82
246326;27.10.2021;485;277;3039;59;L1;3061;8,35;87;34;3979,3;3673,2;1,51;9948,25;1101,96;1305;272;12627,21;369646,36;357019,15
664618;14.12.2023;240;238;6587;111;L3;3454;11,52;244;97;4490,2;4144,8;5,91;11225,5;1243,44;3660;776;16904,94;292208,4;275303,46
160077;18.07.2024;470;176;7579;78;L3;4661;20,19;234;93;6059,3;5593,2;17,26;15148,25;1677,96;3510;744;21080,21;315549,7;294469,49
382498;10.01.2020;463;53;43;79;L6;12009;27,08;339;135;13810,35;13209,9;0,36;34525,88;3962,97;5085;1080;44653,84;869451,6;824797,76
745025;17.03.2022;453;243;3683;14;L6;7196;24,78;377;150;13672,4;11513,6;0,05;34181,0;3454,08;5655;1200;44490,08;1412862,64;1368372,56
173853;24.10.2022;357;273;4690;148;L4;2451;10,47;93;37;5392,2;4411,8;1,73;13480,5;1323,54;1395;296;16495,04;621009,87;604514,83
547537;08.12.2020;125;241;1566;149;L2;11784;29,8;492;196;15319,2;14140,8;1,15;38298,0;4242,24;7380;1568;51488,24;1217640,72;1166152,48
12413;30.11.2023;145;172;6526;104;L3;1684;15,46;140;56;3957,4;3199,6;16,9;9893,5;959,88;2100;448;13401,38;502993,96;489592,58
380995;20.10.2025;190;27;9675;8;L1;1867;13,7;96;38;2707,15;2427,1;17,24;6767,88;728,13;1440;304;9240,01;211027,01;201787,0
420026;10.12.2021;491;252;3237;86;L4;3003;13,35;159;63;6606,6;5405,4;3,16;16516,5;1621,62;2385;504;21027,12;755434,68;734407,56
784918;27.10.2025;204;253;9705;66;L6;13137;39,34;320;128;21019,2;18391,8;0,9;52548,0;5517,54;4800;1024;63889,54;2334444,9;2270555,36
64352;26.12.2025;361;113;9980;116;L5;5352;13,46;146;58;6957,6;6422,4;0,38;17394,0;1926,72;2190;464;21974,72;621795,36;599820,64
118764;31.08.2022;34;272;4442;22;L5;9283;20,86;303;121;10675,45;10211,3;0,12;26688,62;3063,39;4545;968;35265,02;849858,65;814593,64
508765;03.04.2022;313;235;3759;115;L2;7898;22,38;379;151;9082,7;8687,8;9,37;22706,75;2606,34;5685;1208;32206,09;473722,04;441515,95
678635;08.05.2021;218;220;2254;43;L6;3846;12,21;152;60;6153,6;5384,4;1,65;15384,0;1615,32;2280;480;19759,32;529786,5;510027,18
273385;24.04.2023;181;1;5519;62;L5;2094;10,03;104;41;4292,7;3559,8;4,66;10731,75;1067,94;1560;328;13687,69;519751,74;506064,05
267524;23.02.2022;72;191;3580;92;L5;6637;29,82;370;148;11614,75;9955,5;17,16;29036,88;2986,65;5550;1184;38757,52;1266339,6;1227582,08
52918;25.05.2023;469;189;5660;96;L6;5765;16,36;214;85;7494,5;6918,0;4,13;18736,25;2075,4;3210;680;24701,65;490774,45;466072,8
170351;21.11.2023;335;127;6483;142;L5;1189;3,39;47;18;1367,35;1307,9;1,44;3418,38;392,37;705;144;4659,74;77558,47;72898,73
32971;14.03.2025;483;194;8671;111;L3;8910;40,39;837;334;22275,0;17820,0;2,37;55687,5;5346,0;12555;2672;76260,5;2809679,4;2733418,9
780906;04.06.2022;120;232;4044;35;L6;9425;28,58;384;153;15080,0;13195,0;1,36;37700,0;3958,5;5760;1224;48642,5;1340800,5;1292158,0
123206;27.05.2021;417;282;2342;135;L1;1489;6,99;72;28;3499,15;2829,1;1,59;8747,88;848,73;1080;224;10900,6;429933,86;419033,26
126972;22.01.2025;135;69;8437;143;L4;3909;18,76;362;144;7427,1;6254,4;10,62;18567,75;1876,32;5430;1152;27026,07;797475,09;770449,02
734349;17.08.2020;265;109;1049;133;L2;2221;16,18;123;49;3886,75;3331,5;18,15;9716,88;999,45;1845;392;12953,32;337858,52;324905,2
41385;16.08.2020;412;293;1043;146;L4;3141;13,86;106;42;7381,35;5967,9;1,59;18453,38;1790,37;1590;336;22169,74;866224,98;844055,23
589841;31.03.2021;268;7;2082;111;L2;2189;8,14;154;61;2845,7;2626,8;5,42;7114,25;788,04;2310;488;10700,29;226889,85;216189,56
757658;13.11.2023;436;273;6447;51;L4;10269;31,36;425;170;16430,4;14376,6;1,93;41076,0;4312,98;6375;1360;53123,98;1531518,66;1478394,68
494799;14.07.2021;166;285;2561;6;L6;5328;22,25;230;92;10922,4;9057,6;5,29;27306,0;2717,28;3450;736;34209,28;1395030,24;1360820,96
629754;27.10.2025;28;61;9706;80;L1;9139;33,86;515;206;17364,1;14622,4;4,85;43410,25;4386,72;7725;1648;57169,97;2060387,55;2003217,58
225660;22.05.2020;288;37;651;87;L6;750;3,63;27;10;1087,5;975,0;3,18;2718,75;292,5;405;80;3496,25;77655,0;74158,75
303646;11.10.2023;200;256;6295;46;L1;1398;9,09;89;35;3495,0;2796,0;5,87;8737,5;838,8;1335;280;11191,3;408271,92;397080,62
763581;20.03.2023;242;124;5362;7;L2;1604;14,6;130;52;4010,0;3208,0;15,09;10025,0;962,4;1950;416;13353,4;464358,0;451004,6
139909;21.08.2024;216;233;7733;82;L3;2763;11,61;123;49;5249,7;4420,8;4,22;13124,25;1326,24;1845;392;16687,49;558678,6;541991,11
620718;13.04.2024;274;101;7141;11;L4;3579;18,26;319;127;8410,65;6800,1;6,73;21026,62;2040,03;4785;1016;28867,66;1044209,04;1015341,38
586811;16.10.2024;143;236;7988;83;L3;514;4,56;27;10;1207,9;976,6;4,85;3019,75;292,98;405;80;3797,73;137916,48;134118,75
643877;28.01.2020;148;76;127;122;L1;5122;22,18;299;119;11268,4;9219,6;4,21;28171,0;2765,88;4485;952;36373,88;1258833,94;1222460,06
774119;15.03.2020;248;7;341;64;L2;2493;16,95;140;56;3988,8;3490,2;19,13;9972,0;1047,06;2100;448;13567,06;371481,93;357914,87
369203;11.12.2025;383;233;9911;54;L3;10903;34,27;539;215;17444,8;15264,2;4,0;43612,0;4579,26;8085;1720;57996,26;1576137,68;1518141,42
299595;03.04.2020;135;24;426;106;L1;5712;20,19;248;99;10852,8;9139,2;1,09;27132,0;2741,76;3720;792;34385,76;1165305,12;1130919,36
385900;22.05.2025;193;76;8985;49;L1;3436;13,02;136;54;5497,6;4810,4;5,7;13744,0;1443,12;2040;432;17659,12;513682,0;496022,88
774682;08.01.2020;28;31;34;30;L1;8916;32,55;636;254;16940,4;14265,6;3,75;42351,0;4279,68;9540;2032;58202,68;2010112,2;1951909,52
476280;25.01.2025;75;267;8452;120;L5;4511;18,22;209;83;9247,55;7668,7;3,24;23118,88;2300,61;3135;664;29218,48;1048356,4;1019137,92
34480;12.11.2023;199;270;6444;14;L3;2480;8,91;113;45;3596,0;3224,0;4,33;8990,0;967,2;1695;360;12012,2;403992,0;391979,8
23596;14.08.2024;490;164;7702;116;L5;5321;20,58;292;116;10908,05;9045,7;1,99;27270,12;2713,71;4380;928;35291,84;1219679,62;1184387,78
559023;02.12.2021;469;114;3202;148;L2;3652;9,68;82;32;4747,6;4382,4;1,24;11869,0;1314,72;1230;256;14669,72;310894,76;296225,04
291356;01.07.2023;80;227;5832;70;L6;9885;36,87;381;152;20264,25;16804,5;0,98;50660,62;5041,35;5715;1216;62632,98;2242214,55;2179581,58
304591;05.10.2025;254;179;9604;124;L4;5916;14,16;134;53;6803,4;6507,6;1,81;17008,5;1952,28;2010;424;21394,78;399152,52;377757,74
232766;24.04.2025;88;200;8857;67;L2;3028;7,75;115;46;3936,4;3633,6;0,48;9841,0;1090,08;1725;368;13024,08;385131,32;372107,24
107439;07.09.2022;161;176;4475;57;L3;5869;26,34;420;168;12911,8;10564,2;6,67;32279,5;3169,26;6300;1344;43092,76;1368416,04;1325323,28
399830;24.07.2020;277;46;941;79;L5;5275;21,65;282;112;11605,0;9495,0;1,95;29012,5;2848,5;4230;896;36987,0;1363851,25;1326864,25
156675;10.07.2025;376;211;9206;42;L2;8372;38,26;339;135;20930,0;16744,0;2,84;52325,0;5023,2;5085;1080;63513,2;2658863,48;2595350,28
628270;20.02.2025;362;14;8571;35;L4;8051;26,54;431;172;11673,95;10466,3;9,27;29184,87;3139,89;6465;1376;40165,76;1001705,42;961539,66
639027;01.09.2025;438;138;9448;146;L1;2948;12,11;101;40;5159,0;4422,0;5,35;12897,5;1326,6;1515;320;16059,1;562360,48;546301,38
91489;25.11.2024;53;291;8171;138;L6;840;9,64;92;36;1974,0;1596,0;12,29;4935,0;478,8;1380;288;7081,8;243969,6;236887,8
490690;17.04.2023;428;77;5491;146;L5;3871;10,51;88;35;5032,3;4645,2;1,81;12580,75;1393,56;1320;280;15574,31;498236,41;482662,1
505225;01.09.2021;6;12;2782;92;L1;10342;30,81;373;149;16547,2;14478,8;0,4;41368,0;4343,64;5595;1192;52498,64;1493177,96;1440679,32
364263;07.12.2025;446;25;9891;49;L2;8253;19,79;267;106;9490,95;9078,3;2,6;23727,37;2723,49;4005;848;31303,86;525633,57;494329,7
627180;22.12.2025;268;240;9963;100;L5;2796;15,85;102;40;3634,8;3355,2;17,83;9087,0;1006,56;1530;320;11943,56;289805,4;277861,84
186815;01.05.2023;97;197;5553;7;L4;2029;6,12;85;34;2333,35;2231,9;3,16;5833,38;669,57;1275;272;8049,94;149902,52;141852,57
271990;24.11.2021;108;20;3165;28;L6;7877;20,19;400;160;10240,1;9452,4;1,32;25600,25;2835,72;6000;1280;35715,97;591483,93;555767,96
765428;10.07.2023;205;218;5874;51;L5;3548;17,73;250;100;8870,0;7096,0;4,23;22175,0;2128,8;3750;800;28853,8;1095480,48;1066626,68
271708;23.04.2024;240;18;7185;26;L2;2077;8,09;52;20;2700,1;2492,4;5,88;6750,25;747,72;780;160;8437,97;175714,2;167276,23
324497;11.11.2024;474;163;8108;66;L4;3396;12,72;116;46;6452,4;5433,6;2,07;16131,0;1630,08;1740;368;19869,08;730649,4;710780,32
737128;28.07.2024;236;23;7626;65;L5;1896;8,44;79;31;4171,2;3412,8;2,01;10428,0;1023,84;1185;248;12884,84;479308,8;466423,96
591381;07.12.2023;10;252;6556;137;L4;3892;11,59;196;78;5643,4;5059,6;2,0;14108,5;1517,88;2940;624;19190,38;554181,88;534991,5
547103;27.12.2020;45;257;1653;35;L1;12934;41,63;447;178;22634,5;19401,0;0,49;56586,25;5820,3;6705;1424;70535,55;2267071,52;2196535,97
648424;17.05.2022;391;78;3961;47;L5;7147;39,08;671;268;16795,45;13579,3;18,71;41988,62;4073,79;10065;2144;58271,42;1973644,05;1915372,63
740811;29.09.2024;344;232;7913;141;L6;1402;3,84;34;13;1612,3;1542,2;1,39;4030,75;462,66;510;104;5107,41;114319,08;109211,67
34539;24.03.2024;417;265;7050;26;L5;4527;19,42;136;54;10638,45;8601,3;1,17;26596,12;2580,39;2040;432;31648,52;1307125,98;1275477,47
248474;12.06.2020;330;73;746;101;L2;3715;18,67;239;95;7615,75;6315,5;10,0;19039,37;1894,65;3585;760;25279,02;846871,4;821592,38
1648;11.03.2025;224;196;8658;124;L2;4100;12,89;134;53;5945,0;5330,0;3,47;14862,5;1599,0;2010;424;18895,5;515370,0;496474,5
299149;16.12.2025;452;272;9934;17;L5;6346;18,79;211;84;10153,6;8884,4;0,02;25384,0;2665,32;3165;672;31886,32;995052,8;963166,48
640543;27.04.2023;98;20;5533;81;L6;1085;4,9;72;28;1898,75;1627,5;2,85;4746,88;488,25;1080;224;6539,12;199976,35;193437,22
342230;20.02.2021;171;124;1902;76;L2;1740;15,73;113;45;3306,0;2784,0;19,48;8265,0;835,2;1695;360;11155,2;331365,6;320210,4
333936;02.09.2024;275;27;7790;72;L1;2054;9,29;89;35;2362,1;2259,4;9,38;5905,25;677,82;1335;280;8198,07;164607,56;156409,49
629023;13.07.2025;325;300;9221;16;L4;5057;22,3;513;205;10366,85;8596,9;7,37;25917,12;2579,07;7695;1640;37831,19;1205740,51;1167909,32
612744;12.02.2022;274;150;3533;53;L1;6663;28,94;361;144;15658,05;12659,7;2,44;39145,12;3797,91;5415;1152;49510,04;1943996,88;1894486,84
342212;24.12.2025;277;107;9972;65;L5;891;4,78;44;17;1960,2;1603,8;2,58;4900,5;481,14;660;136;6177,64;230368,05;224190,41
118275;03.09.2022;63;256;4457;110;L1;1934;11,21;114;45;4835,0;3868,0;5,41;12087,5;1160,4;1710;360;15317,9;595207,84;579889,94
255385;08.06.2024;497;207;7396;72;L2;1448;10,58;91;36;2968,4;2461,6;10,51;7421,0;738,48;1365;288;9812,48;304326,16;294513,68
759850;31.12.2020;72;105;1669;79;L6;9023;29,24;330;132;15790,25;13534,5;0,72;39475,62;4060,35;4950;1056;49541,98;1721588,4;1672046,42
674577;18.09.2024;307;13;7861;148;L3;11085;43,96;353;141;24387,0;19953,0;1,02;60967,5;5985,9;5295;1128;73376,4;2734558,65;2661182,25
420579;25.10.2024;224;190;8032;38;L2;512;5,29;28;11;742,4;665,6;7,79;1856,0;199,68;420;88;2563,68;64358,4;61794,72
436153;01.01.2023;463;94;5007;130;L5;5739;15,13;229;91;6599,85;6312,9;4,56;16499,62;1893,87;3435;728;22556,5;415503,6;392947,11
422474;28.03.2023;411;64;5398;80;L5;6436;22,12;343;137;11263,0;9654,0;3,06;28157,5;2896,2;5145;1096;37294,7;1196516,76;1159222,06
28071;24.04.2021;120;115;2191;54;L2;7595;24,88;375;150;12152,0;10633,0;4,81;30380,0;3189,9;5625;1200;40394,9;1080464,7;1040069,8
369020;15.12.2025;120;9;9930;135;L2;8503;26,87;383;153;13604,8;11904,2;3,4;34012,0;3571,26;5745;1224;44552,26;1209636,78;1165084,52
427522;22.05.2020;117;271;653;1;L4;10801;42,43;382;152;23762,2;19441,8;0,18;59405,5;5832,54;5730;1216;72184,04;2704786,42;2632602,38
694419;06.12.2024;136;75;8224;63;L2;2066;6,26;80;32;2375,9;2272,6;3,27;5939,75;681,78;1200;256;8077,53;182510,44;174432,91
244088;18.08.2023;195;172;6050;114;L3;4343;16,0;274;109;5645,9;5211,6;10,46;14114,75;1563,48;4110;872;20660,23;400598,32;379938,09
442543;15.10.2025;259;287;9649;56;L1;6106;17,37;336;134;8853,7;7937,8;1,52;22134,25;2381,34;5040;1072;30627,59;646014,8;615387,21
506042;10.09.2023;11;154;6154;47;L6;4275;16,42;233;93;7481,25;6412,5;5,48;18703,12;1923,75;3495;744;24865,88;678784,5;653918,62
387322;14.08.2023;195;288;6034;64;L3;7824;19,98;277;110;10171,2;9388,8;1,15;25428,0;2816,64;4155;880;33279,64;721685,76;688406,12
296615;03.07.2025;315;128;9176;88;L4;1949;4,54;41;16;2241,35;2143,9;0,36;5603,38;643,17;615;128;6989,54;198739,53;191749,98
161791;27.04.2021;310;55;2204;53;L5;9164;37,71;473;189;20160,8;16495,2;3,58;50402,0;4948,56;7095;1512;63957,56;2010306,68;1946349,12
506633;25.01.2022;393;200;3450;85;L2;10244;28,0;478;191;14853,8;13317,2;0,27;37134,5;3995,16;7170;1528;49827,66;1433545,36;1383717,7
349742;23.06.2022;12;121;4130;27;L4;4853;20,4;210;84;11404,55;9220,7;0,42;28511,38;2766,21;3150;672;35099,59;1379416,72;1344317,14
122015;28.07.2024;312;285;7624;109;L6;1274;5,42;74;29;2420,6;2038,4;2,08;6051,5;611,52;1110;232;8005,02;241766,98;233761,96
116179;18.01.2022;467;191;3417;53;L5;6941;20,39;330;132;7982,15;7635,1;9,68;19955,38;2290,53;4950;1056;28251,9;686603,72;658351,81
283786;29.05.2022;496;137;4016;85;L3;9093;36,9;702;280;20004,6;16367,4;2,51;50011,5;4910,22;10530;2240;67691,72;2259792,36;2192100,64
403896;18.06.2022;170;88;4107;31;L4;5804;26,35;278;111;14510,0;11608,0;1,62;36275,0;3482,4;4170;888;44815,4;1692852,68;1648037,28
677779;12.02.2025;162;33;8533;106;L5;869;8,59;41;16;1129,7;1042,8;12,87;2824,25;312,84;615;128;3880,09;91888,06;88007,97
197773;03.03.2020;275;46;285;59;L5;4946;11,61;165;66;5687,9;5440,6;1,06;14219,75;1632,18;2475;528;18854,93;396372,44;377517,51
713431;27.09.2021;227;191;2900;129;L5;3285;17,02;178;71;5256,0;4599,0;14,6;13140,0;1379,7;2670;568;17757,7;524548,8;506791,1
217126;29.11.2025;396;291;9855;42;L6;2066;12,76;115;46;3925,4;3305,6;11,3;9813,5;991,68;1725;368;12898,18;399936,28;387038,1
37948;11.12.2022;344;6;4907;67;L5;1265;6,57;94;37;1454,75;1391,5;7,47;3636,88;417,45;1410;296;5760,32;103148,1;97387,78
396405;03.08.2020;81;35;985;147;L5;3103;11,38;164;65;5895,7;4964,8;1,41;14739,25;1489,44;2460;520;19208,69;739755,2;720546,51
588771;12.01.2025;345;51;8393;81;L6;6301;18,71;380;152;10081,6;8821,4;0,12;25204,0;2646,42;5700;1216;34766,42;948741,57;913975,15
521910;15.01.2023;448;260;5071;69;L5;7976;25,21;394;157;9172,4;8773,6;14,69;22931,0;2632,08;5910;1256;32729,08;637521,68;604792,6
515261;17.10.2024;306;172;7992;57;L3;3404;11,95;172;68;4425,2;4084,8;7,01;11063,0;1225,44;2580;544;15412,44;385196,64;369784,2
139128;08.04.2023;443;16;5449;66;L2;6335;30,71;368;147;15837,5;12670,0;5,67;39593,75;3801,0;5520;1176;50090,75;2055707,5;2005616,75
774624;29.03.2024;48;180;7072;36;L3;6539;32,64;538;215;16347,5;13078,0;7,74;40868,75;3923,4;8070;1720;54582,15;1885389,87;1830807,72
221310;21.08.2025;292;289;9401;44;L4;3316;12,84;161;64;6300,4;5305,6;2,87;15751,0;1591,68;2415;512;20269,68;630736,36;610466,68
401844;14.04.2020;378;112;480;30;L2;6692;21,7;436;174;8699,6;8030,4;10,22;21749,0;2409,12;6540;1392;32090,12;631992,48;599902,36
171826;25.12.2025;158;195;9973;82;L3;7007;26,47;377;150;13313,3;11211,2;4,72;33283,25;3363,36;5655;1200;43501,61;1378907,53;1335405,92
423915;09.01.2024;150;243;6708;131;L6;4402;19,43;161;64;11005,0;8804,0;0,13;27512,5;2641,2;2415;512;33080,7;1259940,44;1226859,74
43680;21.07.2025;334;60;9259;100;L4;3687;12,36;131;52;5899,2;5161,8;2,9;14748,0;1548,54;1965;416;18677,54;564000,39;545322,85
65593;23.08.2021;45;24;2740;125;L1;8527;28,56;376;150;14922,25;12790,5;2,55;37305,62;3837,15;5640;1200;47982,78;1494612,56;1446629,78
727275;05.02.2023;73;97;5165;113;L1;2902;13,59;131;52;6819,7;5513,8;3,04;17049,25;1654,14;1965;416;21084,39;756725,52;735641,13
273549;07.07.2024;41;232;7530;104;L6;685;4,63;29;11;1301,5;1096,0;4,54;3253,75;328,8;435;88;4105,55;123149,3;119043,75
778456;06.01.2025;436;213;8363;55;L5;1478;5,59;83;33;2364,8;2069,2;2,43;5912,0;620,76;1245;264;8041,76;220428,92;212387,16
462394;21.10.2024;152;47;8012;138;L6;1234;3,87;50;20;1419,1;1357,4;2,21;3547,75;407,22;750;160;4864,97;78334,32;73469,35
253613;09.01.2021;103;25;1711;40;L2;6773;30,34;259;103;16932,5;13546,0;1,08;42331,25;4063,8;3885;824;51104,05;2088793,2;2037689,15
662293;30.05.2023;293;265;5687;110;L5;3369;13,33;145;58;7411,8;6064,2;0,24;18529,5;1819,26;2175;464;22987,76;819711,39;796723,63
710434;07.07.2021;41;298;2529;134;L2;7661;28,99;476;190;14555,9;12257,6;5,26;36389,75;3677,28;7140;1520;48727,03;1377294,58;1328567,55
648625;01.11.2023;440;38;6391;60;L5;590;7,31;27;10;678,5;649,0;11,97;1696,25;194,7;405;80;2375,95;54757,9;52381,95
212346;21.07.2021;279;153;2592;47;L1;4739;25,81;484;193;9714,95;8056,3;16,74;24287,37;2416,89;7260;1544;35508,26;1111958,96;1076450,7
792067;18.10.2025;415;33;9664;35;L5;4810;25,7;374;149;12025,0;9620,0;9,06;30062,5;2886,0;5610;1192;39750,5;1448675,8;1408925,3
91014;16.08.2023;411;181;6040;52;L5;597;2,53;28;11;1044,75;895,5;1,24;2611,88;268,65;420;88;3388,52;110988,27;107599,75
423581;23.03.2021;18;214;2042;141;L5;3522;18,84;173;69;7220,1;5987,4;11,76;18050,25;1796,22;2595;552;22993,47;782694,06;759700,59
174236;26.02.2020;292;291;257;66;L6;1514;8,27;86;34;2876,6;2422,4;6,13;7191,5;726,72;1290;272;9480,22;287977,94;278497,72
527843;27.06.2025;352;298;9148;59;L2;5142;24,87;329;131;9769,8;8227,2;14,35;24424,5;2468,16;4935;1048;32875,66;1078328,82;1045453,16
333804;11.11.2023;262;153;6438;97;L1;4592;20,37;234;93;5969,6;5510,4;17,96;14924,0;1653,12;3510;744;20831,12;452357,92;431526,8
640433;14.05.2022;46;15;3948;54;L2;3368;19,96;247;98;5894,0;5052,0;18,36;14735,0;1515,6;3705;784;20739,6;606947,28;586207,68
688849;07.12.2024;9;248;8227;1;L1;9199;23,35;230;92;11958,7;11038,8;1,07;29896,75;3311,64;3450;736;37394,39;870133,41;832739,02
462396;06.12.2020;309;68;1555;67;L5;9973;36,77;511;204;20444,65;16954,1;0,14;51111,62;5086,23;7665;1632;65494,86;2275140,49;2209645,63
332563;21.08.2024;462;106;7732;120;L2;2670;11,21;137;54;3871,5;3471,0;7,89;9678,75;1041,3;2055;432;13207,05;338769,6;325562,55
58114;20.11.2025;371;176;9813;124;L3;3511;16,47;192;76;6670,9;5617,6;8,78;16677,25;1685,28;2880;608;21850,53;728216,51;706365,98
499005;16.06.2025;155;3;9099;97;L6;3867;12,83;181;72;5607,15;5027,1;4,62;14017,88;1508,13;2715;576;18817,0;573321,42;554504,41
187759;12.10.2021;28;31;2968;111;L1;1613;8,33;103;41;3064,7;2580,8;5,57;7661,75;774,24;1545;328;10308,99;363650,85;353341,86
219944;11.02.2020;323;290;191;22;L2;7554;31,41;390;156;16618,8;13597,2;3,6;41547,0;4079,16;5850;1248;52724,16;1967590,38;1914866,22
236479;27.07.2023;175;283;5948;90;L5;8626;32,83;415;166;17683,3;14664,2;2,18;44208,25;4399,26;6225;1328;56160,51;1833111,26;1776950,75
757359;14.11.2022;353;170;4784;67;L6;3122;12,38;189;75;5931,8;4995,2;3,29;14829,5;1498,56;2835;600;19763,06;601765,5;582002,44
180328;09.11.2021;48;17;3096;38;L5;3338;17,68;192;76;8345,0;6676,0;5,98;20862,5;2002,8;2880;608;26353,3;962445,54;936092,24
140717;10.11.2025;369;86;9771;35;L2;1656;9,67;110;44;4140,0;3312,0;4,76;10350,0;993,6;1650;352;13345,6;481266,72;467921,12
118787;15.01.2021;391;108;1738;121;L3;1000;4,76;40;16;2350,0;1900,0;1,19;5875,0;570,0;600;128;7173,0;276150,0;268977,0
31118;21.11.2021;357;12;3153;129;L1;11966;47,55;461;184;26325,2;21538,8;1,28;65813,0;6461,64;6915;1472;80661,64;3031825,42;2951163,78
401129;06.07.2020;435;81;856;123;L1;5578;20,86;167;66;11434,9;9482,6;0,66;28587,25;2844,78;2505;528;34465,03;1456136,9;1421671,87
38480;15.01.2020;82;272;67;119;L5;858;2,91;24;9;1115,4;1029,6;1,55;2788,5;308,88;360;72;3529,38;84564,48;81035,1
48072;06.08.2021;89;104;2664;89;L4;5355;17,55;201;80;8568,0;7497,0;3,4;21420,0;2249,1;3015;640;27324,1;860120,1;832796,0
560960;27.06.2023;201;59;5814;132;L5;4007;22,84;295;118;9416,45;7613,3;12,34;23541,12;2283,99;4425;944;31194,12;1072513,62;1041319,51
640713;04.06.2024;97;71;7376;119;L4;1132;3,41;30;12;1301,8;1245,2;1,74;3254,5;373,56;450;96;4174,06;83632,16;79458,1
22309;26.03.2020;59;203;392;78;L5;4540;25,98;268;107;9988,0;8172,0;16,36;24970,0;2451,6;4020;856;32297,6;1009650,6;977353,0
74759;19.08.2025;32;144;9390;56;L5;6565;28,95;501;200;15427,75;12473,5;3,28;38569,38;3742,05;7515;1600;51426,42;1844699,35;1793272,92
60472;01.06.2025;158;151;9030;9;L6;5538;19,7;214;85;10522,2;8860,8;1,3;26305,5;2658,24;3210;680;32853,74;1089823,02;1056969,28
68164;30.11.2022;133;219;4860;100;L1;2799;12,08;111;44;5318,1;4478,4;4,9;13295,25;1343,52;1665;352;16655,77;603128,52;586472,75
201434;14.01.2020;15;200;62;26;L2;1749;7,53;50;20;3847,8;3148,2;1,35;9619,5;944,46;750;160;11473,96;445802,61;434328,65
100617;30.03.2022;205;133;3739;36;L4;5171;30,47;511;204;12927,5;10342,0;15,43;32318,75;3102,6;7665;1632;44718,35;1596597,96;1551879,61
509896;31.05.2021;146;5;2357;54;L4;6600;33,05;715;286;15510,0;12540,0;11,19;38775,0;3762,0;10725;2288;55550,0;1763256,0;1707706,0
400341;09.09.2023;29;178;6149;96;L1;1995;7,07;69;27;2294,25;2194,5;5,2;5735,62;658,35;1035;216;7644,98;155949,15;148304,17
581994;03.04.2025;292;1;8762;61;L5;6747;26,13;431;172;12819,3;10795,2;5,84;32048,25;3238,56;6465;1376;43127,81;1283346,87;1240219,06
606312;30.08.2020;468;111;1106;141;L1;2747;8,23;76;30;3983,15;3571,1;1,53;9957,88;1071,33;1140;240;12409,2;308488,1;296078,89
413225;29.06.2021;156;226;2492;1;L4;1274;12,7;63;25;2038,4;1783,6;17,86;5096,0;535,08;945;200;6776,08;172015,48;165239,4
